method,variant,scenario,num_bs,num_users,experiment,seed,run_id,num_eval_episodes,throughput_Mbps,mean_latency_ms,p95_latency_ms,deadline_satisfaction_pct,blocking_pct,avg_qoe,fairness,energy_J_per_step,walltime_ms_per_step,mean_episode_return,training_iterations,training_env_steps,training_walltime_s,algorithm_backend,eval_user_steps_csv,code_version,run_dir,summary_path,algorithm
ours,no_neighbor,urban,4,80,ablation,42,ours__no_neighbor__urban__bs4__u80__ablation__seed42,20,197.2848343546112,159.82743558662582,463.4143652118784,48.2903125,0.0,0.7577976149988108,0.9685712940372366,491088.67814345215,15.886526465415956,101.84620808330888,200,200000,4587.96589422226,rllib_ppo,/home/umb/Desktop/mappo2/paper_results_v51_final/runs/ours__no_neighbor__urban__bs4__u80__ablation__seed42/eval_user_steps.csv,2026-08-26-paper-suite-v5.1-a2c-compat-scalability,/home/umb/Desktop/mappo2/paper_results_v51_final/runs/ours__no_neighbor__urban__bs4__u80__ablation__seed42,/home/umb/Desktop/mappo2/paper_results_v51_final/runs/ours__no_neighbor__urban__bs4__u80__ablation__seed42/run_summary.csv,Ours
ours,no_neighbor,urban,4,80,ablation,43,ours__no_neighbor__urban__bs4__u80__ablation__seed43,20,197.41591915401816,136.09792108962682,435.0799412153131,54.071875,0.0,0.7715297858169323,0.9701855384829708,497288.9443074334,15.78698033094406,106.00196534627386,200,200000,4641.41045665741,rllib_ppo,/home/umb/Desktop/mappo2/paper_results_v51_final/runs/ours__no_neighbor__urban__bs4__u80__ablation__seed43/eval_user_steps.csv,2026-08-26-paper-suite-v5.1-a2c-compat-scalability,/home/umb/Desktop/mappo2/paper_results_v51_final/runs/ours__no_neighbor__urban__bs4__u80__ablation__seed43,/home/umb/Desktop/mappo2/paper_results_v51_final/runs/ours__no_neighbor__urban__bs4__u80__ablation__seed43/run_summary.csv,Ours
ours,no_neighbor,urban,4,80,ablation,44,ours__no_neighbor__urban__bs4__u80__ablation__seed44,20,197.40515981626717,138.58453969577886,440.56996082321496,53.6390625,0.0,0.7692994928281734,0.9701345796570656,463962.8558399709,15.633168816566467,106.1809343597008,200,200000,4573.923617601395,rllib_ppo,/home/umb/Desktop/mappo2/paper_results_v51_final/runs/ours__no_neighbor__urban__bs4__u80__ablation__seed44/eval_user_steps.csv,2026-08-26-paper-suite-v5.1-a2c-compat-scalability,/home/umb/Desktop/mappo2/paper_results_v51_final/runs/ours__no_neighbor__urban__bs4__u80__ablation__seed44,/home/umb/Desktop/mappo2/paper_results_v51_final/runs/ours__no_neighbor__urban__bs4__u80__ablation__seed44/run_summary.csv,Ours
ours,full,urban,8,160,bs_scale,42,ours__full__urban__bs8__u160__bs_scale__seed42,20,382.771250771976,153.93860818694296,464.1761090046528,50.55328125,0.4353125,0.7562472534286081,0.967928502025557,947878.08289943,108.69055390357973,102.48603443692475,200,200000,24856.40101838112,rllib_ppo,/home/umb/Desktop/mappo2/paper_results_v51_final/runs/ours__full__urban__bs8__u160__bs_scale__seed42/eval_user_steps.csv,2026-08-26-paper-suite-v5.1-a2c-compat-scalability,/home/umb/Desktop/mappo2/paper_results_v51_final/runs/ours__full__urban__bs8__u160__bs_scale__seed42,/home/umb/Desktop/mappo2/paper_results_v51_final/runs/ours__full__urban__bs8__u160__bs_scale__seed42/run_summary.csv,Ours
ours,full,urban,8,160,bs_scale,43,ours__full__urban__bs8__u160__bs_scale__seed43,20,382.0346543393935,164.56886634898885,475.9401764730304,47.70078125,0.14765625,0.7493832583136063,0.9687394397709296,915686.2205451193,109.22710293531418,100.90129362177966,200,200000,25050.253154039383,rllib_ppo,/home/umb/Desktop/mappo2/paper_results_v51_final/runs/ours__full__urban__bs8__u160__bs_scale__seed43/eval_user_steps.csv,2026-08-26-paper-suite-v5.1-a2c-compat-scalability,/home/umb/Desktop/mappo2/paper_results_v51_final/runs/ours__full__urban__bs8__u160__bs_scale__seed43,/home/umb/Desktop/mappo2/paper_results_v51_final/runs/ours__full__urban__bs8__u160__bs_scale__seed43/run_summary.csv,Ours
ours,full,urban,8,160,bs_scale,44,ours__full__urban__bs8__u160__bs_scale__seed44,20,380.41166475309126,144.67796880063648,451.5772356837542,52.98984375,0.7040625,0.7607690871451895,0.9680632083055056,996530.5319673036,109.58228504657744,103.46314047853828,200,200000,25070.348390579224,rllib_ppo,/home/umb/Desktop/mappo2/paper_results_v51_final/runs/ours__full__urban__bs8__u160__bs_scale__seed44/eval_user_steps.csv,2026-08-26-paper-suite-v5.1-a2c-compat-scalability,/home/umb/Desktop/mappo2/paper_results_v51_final/runs/ours__full__urban__bs8__u160__bs_scale__seed44,/home/umb/Desktop/mappo2/paper_results_v51_final/runs/ours__full__urban__bs8__u160__bs_scale__seed44/run_summary.csv,Ours
cent_ppo,full,urban,4,80,main,42,cent_ppo__full__urban__bs4__u80__main__seed42,20,194.71791526768723,148.39592498910088,455.6972132631147,51.2953125,0.0,0.761572924259518,0.964540834993249,493076.42710031866,18.50565755367279,103.45825360919072,200,200000,3885.9587893486014,rllib_ppo,/home/umb/Desktop/mappo2/paper_results_v51_final/runs/cent_ppo__full__urban__bs4__u80__main__seed42/eval_user_steps.csv,2026-08-26-paper-suite-v5.1-a2c-compat-scalability,/home/umb/Desktop/mappo2/paper_results_v51_final/runs/cent_ppo__full__urban__bs4__u80__main__seed42,/home/umb/Desktop/mappo2/paper_results_v51_final/runs/cent_ppo__full__urban__bs4__u80__main__seed42/run_summary.csv,Cent-PPO
cent_ppo,full,urban,4,80,main,43,cent_ppo__full__urban__bs4__u80__main__seed43,20,196.28279592206744,136.1800538867453,435.9439553817384,54.0828125,0.0,0.7703664735334008,0.9695868976458906,499602.8602218264,18.484669387340546,105.78595037027064,200,200000,3878.665544748306,rllib_ppo,/home/umb/Desktop/mappo2/paper_results_v51_final/runs/cent_ppo__full__urban__bs4__u80__main__seed43/eval_user_steps.csv,2026-08-26-paper-suite-v5.1-a2c-compat-scalability,/home/umb/Desktop/mappo2/paper_results_v51_final/runs/cent_ppo__full__urban__bs4__u80__main__seed43,/home/umb/Desktop/mappo2/paper_results_v51_final/runs/cent_ppo__full__urban__bs4__u80__main__seed43/run_summary.csv,Cent-PPO
cent_ppo,full,urban,4,80,main,44,cent_ppo__full__urban__bs4__u80__main__seed44,20,195.92003735158693,155.2430782071015,464.5152642330143,49.63375,0.0,0.7588134092380462,0.964018905461412,496638.66385288193,18.74871051311493,102.32225337104818,200,200000,3901.375830888748,rllib_ppo,/home/umb/Desktop/mappo2/paper_results_v51_final/runs/cent_ppo__full__urban__bs4__u80__main__seed44/eval_user_steps.csv,2026-08-26-paper-suite-v5.1-a2c-compat-scalability,/home/umb/Desktop/mappo2/paper_results_v51_final/runs/cent_ppo__full__urban__bs4__u80__main__seed44,/home/umb/Desktop/mappo2/paper_results_v51_final/runs/cent_ppo__full__urban__bs4__u80__main__seed44/run_summary.csv,Cent-PPO
ma_a2c,full,urban,4,80,main,42,ma_a2c__full__urban__bs4__u80__main__seed42,20,197.28461253355343,216.9645773086104,452.6697532660934,24.991875,0.0,0.7217917632846824,0.9652481982539372,500160.0,15.949009597301483,87.24344095063952,200,200000,3855.437086343765,ppo_single_pass_a2c_compat,/home/umb/Desktop/mappo2/paper_results_v51_final/runs/ma_a2c__full__urban__bs4__u80__main__seed42/eval_user_steps.csv,2026-08-26-paper-suite-v5.1-a2c-compat-scalability,/home/umb/Desktop/mappo2/paper_results_v51_final/runs/ma_a2c__full__urban__bs4__u80__main__seed42,/home/umb/Desktop/mappo2/paper_results_v51_final/runs/ma_a2c__full__urban__bs4__u80__main__seed42/run_summary.csv,MA-A2C
ma_a2c,full,urban,4,80,main,43,ma_a2c__full__urban__bs4__u80__main__seed43,20,197.28461253355343,215.19724449063276,453.0899261387603,25.1503125,0.0,0.7235661645271799,0.9652481982539372,500160.0,15.933578550815582,87.5550521744201,200,200000,3824.983960390091,ppo_single_pass_a2c_compat,/home/umb/Desktop/mappo2/paper_results_v51_final/runs/ma_a2c__full__urban__bs4__u80__main__seed43/eval_user_steps.csv,2026-08-26-paper-suite-v5.1-a2c-compat-scalability,/home/umb/Desktop/mappo2/paper_results_v51_final/runs/ma_a2c__full__urban__bs4__u80__main__seed43,/home/umb/Desktop/mappo2/paper_results_v51_final/runs/ma_a2c__full__urban__bs4__u80__main__seed43/run_summary.csv,MA-A2C
ma_a2c,full,urban,4,80,main,44,ma_a2c__full__urban__bs4__u80__main__seed44,20,197.28461253355343,247.45127209987976,560.6131523423255,23.8446875,0.0,0.6907398195868034,0.9652481982539372,500160.0,16.051713824272156,82.4154860353149,200,200000,3796.1001856327057,ppo_single_pass_a2c_compat,/home/umb/Desktop/mappo2/paper_results_v51_final/runs/ma_a2c__full__urban__bs4__u80__main__seed44/eval_user_steps.csv,2026-08-26-paper-suite-v5.1-a2c-compat-scalability,/home/umb/Desktop/mappo2/paper_results_v51_final/runs/ma_a2c__full__urban__bs4__u80__main__seed44,/home/umb/Desktop/mappo2/paper_results_v51_final/runs/ma_a2c__full__urban__bs4__u80__main__seed44/run_summary.csv,MA-A2C
mappo,full,urban,4,80,main,42,mappo__full__urban__bs4__u80__main__seed42,20,197.26053839351405,164.44202635834228,474.5862982603968,47.59875,0.0,0.7537011765187851,0.9657616684255445,445384.7019553187,18.69670081138611,101.85052031538189,200,200000,4533.13742351532,rllib_ppo,/home/umb/Desktop/mappo2/paper_results_v51_final/runs/mappo__full__urban__bs4__u80__main__seed42/eval_user_steps.csv,2026-08-26-paper-suite-v5.1-a2c-compat-scalability,/home/umb/Desktop/mappo2/paper_results_v51_final/runs/mappo__full__urban__bs4__u80__main__seed42,/home/umb/Desktop/mappo2/paper_results_v51_final/runs/mappo__full__urban__bs4__u80__main__seed42/run_summary.csv,MAPPO
mappo,full,urban,4,80,main,43,mappo__full__urban__bs4__u80__main__seed43,20,195.1947275753363,136.19317708694868,433.445776955797,53.9903125,0.0,0.7693624426407222,0.9736288783984304,489725.6874616441,18.53377825021744,105.88968073562486,200,200000,4508.629887342453,rllib_ppo,/home/umb/Desktop/mappo2/paper_results_v51_final/runs/mappo__full__urban__bs4__u80__main__seed43/eval_user_steps.csv,2026-08-26-paper-suite-v5.1-a2c-compat-scalability,/home/umb/Desktop/mappo2/paper_results_v51_final/runs/mappo__full__urban__bs4__u80__main__seed43,/home/umb/Desktop/mappo2/paper_results_v51_final/runs/mappo__full__urban__bs4__u80__main__seed43/run_summary.csv,MAPPO
mappo,full,urban,4,80,main,44,mappo__full__urban__bs4__u80__main__seed44,20,192.1226713734953,141.2116298626886,446.0989887906175,53.11625,0.0,0.7620514581445171,0.9746680132437032,436357.3642434348,18.433067560195923,105.60432888932932,200,200000,4494.296009063721,rllib_ppo,/home/umb/Desktop/mappo2/paper_results_v51_final/runs/mappo__full__urban__bs4__u80__main__seed44/eval_user_steps.csv,2026-08-26-paper-suite-v5.1-a2c-compat-scalability,/home/umb/Desktop/mappo2/paper_results_v51_final/runs/mappo__full__urban__bs4__u80__main__seed44,/home/umb/Desktop/mappo2/paper_results_v51_final/runs/mappo__full__urban__bs4__u80__main__seed44/run_summary.csv,MAPPO
ours,full,urban,4,80,main,42,ours__full__urban__bs4__u80__main__seed42,20,196.56344275477232,159.25766390212044,463.20662687131374,48.404375,0.0,0.7576101484718881,0.968624391957878,500153.903660472,16.059805393218994,101.68534705900186,200,200000,4603.540713310242,rllib_ppo,/home/umb/Desktop/mappo2/paper_results_v51_final/runs/ours__full__urban__bs4__u80__main__seed42/eval_user_steps.csv,2026-08-26-paper-suite-v5.1-a2c-compat-scalability,/home/umb/Desktop/mappo2/paper_results_v51_final/runs/ours__full__urban__bs4__u80__main__seed42,/home/umb/Desktop/mappo2/paper_results_v51_final/runs/ours__full__urban__bs4__u80__main__seed42/run_summary.csv,Ours
ours,full,urban,4,80,main,43,ours__full__urban__bs4__u80__main__seed43,20,197.41942741060683,135.96787916439916,434.7568907451393,54.0996875,0.0,0.7716521555084006,0.970293234437276,499356.5220157214,15.918751180171968,105.99069470774464,200,200000,4568.820488214493,rllib_ppo,/home/umb/Desktop/mappo2/paper_results_v51_final/runs/ours__full__urban__bs4__u80__main__seed43/eval_user_steps.csv,2026-08-26-paper-suite-v5.1-a2c-compat-scalability,/home/umb/Desktop/mappo2/paper_results_v51_final/runs/ours__full__urban__bs4__u80__main__seed43,/home/umb/Desktop/mappo2/paper_results_v51_final/runs/ours__full__urban__bs4__u80__main__seed43/run_summary.csv,Ours
ours,full,urban,4,80,main,44,ours__full__urban__bs4__u80__main__seed44,20,197.4069564023332,139.81197429796046,443.8673312903707,53.445625,0.0,0.7681938502931134,0.9707533695113866,449521.2877705887,15.72246503829956,106.24959911370595,200,200000,4611.048085689545,rllib_ppo,/home/umb/Desktop/mappo2/paper_results_v51_final/runs/ours__full__urban__bs4__u80__main__seed44/eval_user_steps.csv,2026-08-26-paper-suite-v5.1-a2c-compat-scalability,/home/umb/Desktop/mappo2/paper_results_v51_final/runs/ours__full__urban__bs4__u80__main__seed44,/home/umb/Desktop/mappo2/paper_results_v51_final/runs/ours__full__urban__bs4__u80__main__seed44/run_summary.csv,Ours
ours,full,highway,4,80,mobility,42,ours__full__highway__bs4__u80__mobility__seed42,20,188.1015350172894,159.24772285112596,461.36308838338624,48.3540625,0.0,0.7587798939092386,0.9733673434321602,493932.44470778,16.385360777378082,101.32485944703431,200,200000,4612.525944232941,rllib_ppo,/home/umb/Desktop/mappo2/paper_results_v51_final/runs/ours__full__highway__bs4__u80__mobility__seed42/eval_user_steps.csv,2026-08-26-paper-suite-v5.1-a2c-compat-scalability,/home/umb/Desktop/mappo2/paper_results_v51_final/runs/ours__full__highway__bs4__u80__mobility__seed42,/home/umb/Desktop/mappo2/paper_results_v51_final/runs/ours__full__highway__bs4__u80__mobility__seed42/run_summary.csv,Ours
ours,full,highway,4,80,mobility,43,ours__full__highway__bs4__u80__mobility__seed43,20,188.1150781881041,137.1421134324707,436.5037268440396,53.87875,0.0,0.77098076525273,0.9736346997839856,479705.6876631739,15.967096030712128,105.54243104193006,200,200000,4564.511243343353,rllib_ppo,/home/umb/Desktop/mappo2/paper_results_v51_final/runs/ours__full__highway__bs4__u80__mobility__seed43/eval_user_steps.csv,2026-08-26-paper-suite-v5.1-a2c-compat-scalability,/home/umb/Desktop/mappo2/paper_results_v51_final/runs/ours__full__highway__bs4__u80__mobility__seed43,/home/umb/Desktop/mappo2/paper_results_v51_final/runs/ours__full__highway__bs4__u80__mobility__seed43/run_summary.csv,Ours
ours,full,highway,4,80,mobility,44,ours__full__highway__bs4__u80__mobility__seed44,20,188.11792255415017,135.91100259835022,434.4263966330109,54.13,0.0,0.7720740098255685,0.9740204762439104,499252.86835012975,15.9960058927536,105.4126035871246,200,200000,4507.419287443161,rllib_ppo,/home/umb/Desktop/mappo2/paper_results_v51_final/runs/ours__full__highway__bs4__u80__mobility__seed44/eval_user_steps.csv,2026-08-26-paper-suite-v5.1-a2c-compat-scalability,/home/umb/Desktop/mappo2/paper_results_v51_final/runs/ours__full__highway__bs4__u80__mobility__seed44,/home/umb/Desktop/mappo2/paper_results_v51_final/runs/ours__full__highway__bs4__u80__mobility__seed44/run_summary.csv,Ours
ours,full,mixed,4,80,mobility,42,ours__full__mixed__bs4__u80__mobility__seed42,20,192.29552009330692,158.7528932413823,459.6349318942081,48.4375,0.0,0.7607510558397006,0.9722665849398372,500159.9996540535,16.001085877418518,101.68008344532926,200,200000,4640.510082960129,rllib_ppo,/home/umb/Desktop/mappo2/paper_results_v51_final/runs/ours__full__mixed__bs4__u80__mobility__seed42/eval_user_steps.csv,2026-08-26-paper-suite-v5.1-a2c-compat-scalability,/home/umb/Desktop/mappo2/paper_results_v51_final/runs/ours__full__mixed__bs4__u80__mobility__seed42,/home/umb/Desktop/mappo2/paper_results_v51_final/runs/ours__full__mixed__bs4__u80__mobility__seed42/run_summary.csv,Ours
ours,full,mixed,4,80,mobility,43,ours__full__mixed__bs4__u80__mobility__seed43,20,192.2645613877115,135.9490313484296,432.67282262627407,54.0553125,0.00125,0.7735986542765287,0.9741496727428122,498985.5580583615,15.745188057422638,105.79481811179453,200,200000,4572.859983205795,rllib_ppo,/home/umb/Desktop/mappo2/paper_results_v51_final/runs/ours__full__mixed__bs4__u80__mobility__seed43/eval_user_steps.csv,2026-08-26-paper-suite-v5.1-a2c-compat-scalability,/home/umb/Desktop/mappo2/paper_results_v51_final/runs/ours__full__mixed__bs4__u80__mobility__seed43,/home/umb/Desktop/mappo2/paper_results_v51_final/runs/ours__full__mixed__bs4__u80__mobility__seed43/run_summary.csv,Ours
ours,full,mixed,4,80,mobility,44,ours__full__mixed__bs4__u80__mobility__seed44,20,192.27413069817936,135.76248380448317,432.3899872561652,54.0903125,0.0,0.7737281565010727,0.9735901664438036,499046.7713933621,15.677521824836733,105.81588080974298,200,200000,4532.596955537796,rllib_ppo,/home/umb/Desktop/mappo2/paper_results_v51_final/runs/ours__full__mixed__bs4__u80__mobility__seed44/eval_user_steps.csv,2026-08-26-paper-suite-v5.1-a2c-compat-scalability,/home/umb/Desktop/mappo2/paper_results_v51_final/runs/ours__full__mixed__bs4__u80__mobility__seed44,/home/umb/Desktop/mappo2/paper_results_v51_final/runs/ours__full__mixed__bs4__u80__mobility__seed44/run_summary.csv,Ours
ours,full,urban,4,20,user_load,42,ours__full__urban__bs4__u20__user_load__seed42,20,54.19508185441023,56.942635263535486,157.7103980968634,80.3,0.0,0.853077137400954,0.9136425013389684,476068.09161270375,5.784134209156036,127.6839865978523,200,200000,2231.0208444595337,rllib_ppo,/home/umb/Desktop/mappo2/paper_results_v51_final/runs/ours__full__urban__bs4__u20__user_load__seed42/eval_user_steps.csv,2026-08-26-paper-suite-v5.1-a2c-compat-scalability,/home/umb/Desktop/mappo2/paper_results_v51_final/runs/ours__full__urban__bs4__u20__user_load__seed42,/home/umb/Desktop/mappo2/paper_results_v51_final/runs/ours__full__urban__bs4__u20__user_load__seed42/run_summary.csv,Ours
ours,full,urban,4,20,user_load,43,ours__full__urban__bs4__u20__user_load__seed43,20,54.108540121296286,56.6431545038429,156.76785833903153,80.46875,0.0,0.8529333186869027,0.9149044938292498,481955.61596359656,5.777594745159149,127.63547593759748,200,200000,2241.697264432907,rllib_ppo,/home/umb/Desktop/mappo2/paper_results_v51_final/runs/ours__full__urban__bs4__u20__user_load__seed43/eval_user_steps.csv,2026-08-26-paper-suite-v5.1-a2c-compat-scalability,/home/umb/Desktop/mappo2/paper_results_v51_final/runs/ours__full__urban__bs4__u20__user_load__seed43,/home/umb/Desktop/mappo2/paper_results_v51_final/runs/ours__full__urban__bs4__u20__user_load__seed43/run_summary.csv,Ours
ours,full,urban,4,20,user_load,44,ours__full__urban__bs4__u20__user_load__seed44,20,54.20796757082058,56.960182809695645,157.05957471401567,80.22,0.0,0.8531804251612084,0.9160778405640864,464576.0359122033,5.758032381534576,127.94622474207236,200,200000,2236.9089901447296,rllib_ppo,/home/umb/Desktop/mappo2/paper_results_v51_final/runs/ours__full__urban__bs4__u20__user_load__seed44/eval_user_steps.csv,2026-08-26-paper-suite-v5.1-a2c-compat-scalability,/home/umb/Desktop/mappo2/paper_results_v51_final/runs/ours__full__urban__bs4__u20__user_load__seed44,/home/umb/Desktop/mappo2/paper_results_v51_final/runs/ours__full__urban__bs4__u20__user_load__seed44/run_summary.csv,Ours
ours,full,urban,4,40,user_load,42,ours__full__urban__bs4__u40__user_load__seed42,20,102.2845618855072,90.56995444149082,258.63879989633665,62.965625,0.0,0.8293306815025268,0.9552128145992158,497640.3954531316,9.130145490169523,116.94911995574242,200,200000,3025.14883184433,rllib_ppo,/home/umb/Desktop/mappo2/paper_results_v51_final/runs/ours__full__urban__bs4__u40__user_load__seed42/eval_user_steps.csv,2026-08-26-paper-suite-v5.1-a2c-compat-scalability,/home/umb/Desktop/mappo2/paper_results_v51_final/runs/ours__full__urban__bs4__u40__user_load__seed42,/home/umb/Desktop/mappo2/paper_results_v51_final/runs/ours__full__urban__bs4__u40__user_load__seed42/run_summary.csv,Ours
ours,full,urban,4,40,user_load,43,ours__full__urban__bs4__u40__user_load__seed43,20,103.28423678024056,78.79316463678379,246.68822798037817,67.00875,0.0,0.8354867549293038,0.9515921647287516,500019.6290518637,8.882798671722412,119.32072717829084,200,200000,3106.7342054843903,rllib_ppo,/home/umb/Desktop/mappo2/paper_results_v51_final/runs/ours__full__urban__bs4__u40__user_load__seed43/eval_user_steps.csv,2026-08-26-paper-suite-v5.1-a2c-compat-scalability,/home/umb/Desktop/mappo2/paper_results_v51_final/runs/ours__full__urban__bs4__u40__user_load__seed43,/home/umb/Desktop/mappo2/paper_results_v51_final/runs/ours__full__urban__bs4__u40__user_load__seed43/run_summary.csv,Ours
ours,full,urban,4,40,user_load,44,ours__full__urban__bs4__u40__user_load__seed44,20,103.08066755145391,79.69868766383127,248.74506359247565,66.58375,0.0,0.8345094479951729,0.9508194472931882,477582.6201874364,8.904469728469849,119.44509717843616,200,200000,3017.645105600357,rllib_ppo,/home/umb/Desktop/mappo2/paper_results_v51_final/runs/ours__full__urban__bs4__u40__user_load__seed44/eval_user_steps.csv,2026-08-26-paper-suite-v5.1-a2c-compat-scalability,/home/umb/Desktop/mappo2/paper_results_v51_final/runs/ours__full__urban__bs4__u40__user_load__seed44,/home/umb/Desktop/mappo2/paper_results_v51_final/runs/ours__full__urban__bs4__u40__user_load__seed44/run_summary.csv,Ours
ours,full,urban,4,60,user_load,42,ours__full__urban__bs4__u60__user_load__seed42,20,151.87894247064645,123.97658702006257,357.1030774960637,54.17041666666667,0.0,0.7921006215006516,0.9711291930025908,500139.7752658549,12.411024510860443,109.07793151400256,200,200000,3776.59042263031,rllib_ppo,/home/umb/Desktop/mappo2/paper_results_v51_final/runs/ours__full__urban__bs4__u60__user_load__seed42/eval_user_steps.csv,2026-08-26-paper-suite-v5.1-a2c-compat-scalability,/home/umb/Desktop/mappo2/paper_results_v51_final/runs/ours__full__urban__bs4__u60__user_load__seed42,/home/umb/Desktop/mappo2/paper_results_v51_final/runs/ours__full__urban__bs4__u60__user_load__seed42/run_summary.csv,Ours
ours,full,urban,4,60,user_load,43,ours__full__urban__bs4__u60__user_load__seed43,20,151.9638847210328,115.24046895236006,347.7169592072818,56.6625,0.0,0.7965322806354077,0.9710871651784428,500030.4604673437,12.28967970609665,110.69740288914728,200,200000,3810.552417516709,rllib_ppo,/home/umb/Desktop/mappo2/paper_results_v51_final/runs/ours__full__urban__bs4__u60__user_load__seed43/eval_user_steps.csv,2026-08-26-paper-suite-v5.1-a2c-compat-scalability,/home/umb/Desktop/mappo2/paper_results_v51_final/runs/ours__full__urban__bs4__u60__user_load__seed43,/home/umb/Desktop/mappo2/paper_results_v51_final/runs/ours__full__urban__bs4__u60__user_load__seed43/run_summary.csv,Ours
ours,full,urban,4,60,user_load,44,ours__full__urban__bs4__u60__user_load__seed44,20,151.93924784851228,106.69284892743542,338.33564747125735,59.059583333333336,0.0,0.8007179703213384,0.9711100468520044,499829.3620635524,12.18900501728058,112.2462819182004,200,200000,3743.736760854721,rllib_ppo,/home/umb/Desktop/mappo2/paper_results_v51_final/runs/ours__full__urban__bs4__u60__user_load__seed44/eval_user_steps.csv,2026-08-26-paper-suite-v5.1-a2c-compat-scalability,/home/umb/Desktop/mappo2/paper_results_v51_final/runs/ours__full__urban__bs4__u60__user_load__seed44,/home/umb/Desktop/mappo2/paper_results_v51_final/runs/ours__full__urban__bs4__u60__user_load__seed44/run_summary.csv,Ours
ours,full,urban,4,100,user_load,42,ours__full__urban__bs4__u100__user_load__seed42,20,240.00784355936972,191.73820381652095,552.4269443777737,44.454,0.0,0.7257217028409269,0.9836927289092215,500156.6433638382,18.994218945503235,95.7680046482598,200,200000,5297.22128033638,rllib_ppo,/home/umb/Desktop/mappo2/paper_results_v51_final/runs/ours__full__urban__bs4__u100__user_load__seed42/eval_user_steps.csv,2026-08-26-paper-suite-v5.1-a2c-compat-scalability,/home/umb/Desktop/mappo2/paper_results_v51_final/runs/ours__full__urban__bs4__u100__user_load__seed42,/home/umb/Desktop/mappo2/paper_results_v51_final/runs/ours__full__urban__bs4__u100__user_load__seed42/run_summary.csv,Ours
ours,full,urban,4,100,user_load,43,ours__full__urban__bs4__u100__user_load__seed43,20,240.6186640969377,164.2264052938651,524.2071242807028,50.75,0.0,0.7424049573608773,0.9810958565068052,500160.0,19.156066060066223,100.61001431835264,200,200000,5354.868700504303,rllib_ppo,/home/umb/Desktop/mappo2/paper_results_v51_final/runs/ours__full__urban__bs4__u100__user_load__seed43/eval_user_steps.csv,2026-08-26-paper-suite-v5.1-a2c-compat-scalability,/home/umb/Desktop/mappo2/paper_results_v51_final/runs/ours__full__urban__bs4__u100__user_load__seed43,/home/umb/Desktop/mappo2/paper_results_v51_final/runs/ours__full__urban__bs4__u100__user_load__seed43/run_summary.csv,Ours
ours,full,urban,4,100,user_load,44,ours__full__urban__bs4__u100__user_load__seed44,20,240.5983317678724,164.28844179003525,524.3708482667065,50.74575,0.0,0.7423404916384936,0.9809197764648568,499919.2435757103,19.144348800182343,100.59965973348248,200,200000,5312.317089796066,rllib_ppo,/home/umb/Desktop/mappo2/paper_results_v51_final/runs/ours__full__urban__bs4__u100__user_load__seed44/eval_user_steps.csv,2026-08-26-paper-suite-v5.1-a2c-compat-scalability,/home/umb/Desktop/mappo2/paper_results_v51_final/runs/ours__full__urban__bs4__u100__user_load__seed44,/home/umb/Desktop/mappo2/paper_results_v51_final/runs/ours__full__urban__bs4__u100__user_load__seed44/run_summary.csv,Ours
ours,full,urban,4,120,user_load,42,ours__full__urban__bs4__u120__user_load__seed42,20,281.2102650975341,192.20287627223428,613.0417714935261,48.30291666666667,0.0,0.7170276795934573,0.9854082746412848,500149.56726236985,21.94286125898361,95.68368111720665,200,200000,6135.625990390778,rllib_ppo,/home/umb/Desktop/mappo2/paper_results_v51_final/runs/ours__full__urban__bs4__u120__user_load__seed42/eval_user_steps.csv,2026-08-26-paper-suite-v5.1-a2c-compat-scalability,/home/umb/Desktop/mappo2/paper_results_v51_final/runs/ours__full__urban__bs4__u120__user_load__seed42,/home/umb/Desktop/mappo2/paper_results_v51_final/runs/ours__full__urban__bs4__u120__user_load__seed42/run_summary.csv,Ours
ours,full,urban,4,120,user_load,43,ours__full__urban__bs4__u120__user_load__seed43,20,283.1942665444148,192.4496775738927,615.1386429246027,48.33291666666667,0.0,0.7182937787379531,0.9840359558507336,500160.0,22.007927238941196,95.81948310162866,200,200000,6041.257836818695,rllib_ppo,/home/umb/Desktop/mappo2/paper_results_v51_final/runs/ours__full__urban__bs4__u120__user_load__seed43/eval_user_steps.csv,2026-08-26-paper-suite-v5.1-a2c-compat-scalability,/home/umb/Desktop/mappo2/paper_results_v51_final/runs/ours__full__urban__bs4__u120__user_load__seed43,/home/umb/Desktop/mappo2/paper_results_v51_final/runs/ours__full__urban__bs4__u120__user_load__seed43/run_summary.csv,Ours
ours,full,urban,4,120,user_load,44,ours__full__urban__bs4__u120__user_load__seed44,20,283.0658917308664,192.1057399521365,613.3760847424311,48.345625,0.0,0.7183499104473696,0.985051195275228,500159.3368278903,22.03613418340683,95.86881320653713,200,200000,6056.449343919754,rllib_ppo,/home/umb/Desktop/mappo2/paper_results_v51_final/runs/ours__full__urban__bs4__u120__user_load__seed44/eval_user_steps.csv,2026-08-26-paper-suite-v5.1-a2c-compat-scalability,/home/umb/Desktop/mappo2/paper_results_v51_final/runs/ours__full__urban__bs4__u120__user_load__seed44,/home/umb/Desktop/mappo2/paper_results_v51_final/runs/ours__full__urban__bs4__u120__user_load__seed44/run_summary.csv,Ours
