run_id,algorithm,method,seed,experiment,scenario,num_bs,num_users,throughput_Mbps,mean_latency_ms,p95_latency_ms,deadline_satisfaction_pct,blocking_pct,avg_qoe,fairness,energy_J_per_step,walltime_ms_per_step,mean_episode_return,training_env_steps,training_iterations,training_walltime_s,algorithm_backend,run_dir,users_per_bs
ours__full__urban__bs4__u20__user_load__seed42,Ours,ours,42,user_load,urban,4,20,54.19508185441023,56.942635263535486,157.7103980968634,80.3,0.0,0.853077137400954,0.9136425013389684,476068.09161270375,5.784134209156036,127.6839865978523,200000,200,2231.0208444595337,rllib_ppo,/home/umb/Desktop/mappo2/paper_results_v51_final/runs/ours__full__urban__bs4__u20__user_load__seed42,5.0
ours__full__urban__bs4__u20__user_load__seed43,Ours,ours,43,user_load,urban,4,20,54.108540121296286,56.6431545038429,156.76785833903153,80.46875,0.0,0.8529333186869027,0.9149044938292498,481955.61596359656,5.777594745159149,127.63547593759748,200000,200,2241.697264432907,rllib_ppo,/home/umb/Desktop/mappo2/paper_results_v51_final/runs/ours__full__urban__bs4__u20__user_load__seed43,5.0
ours__full__urban__bs4__u20__user_load__seed44,Ours,ours,44,user_load,urban,4,20,54.20796757082058,56.960182809695645,157.05957471401567,80.22,0.0,0.8531804251612084,0.9160778405640864,464576.0359122033,5.758032381534576,127.94622474207236,200000,200,2236.9089901447296,rllib_ppo,/home/umb/Desktop/mappo2/paper_results_v51_final/runs/ours__full__urban__bs4__u20__user_load__seed44,5.0
ours__full__urban__bs4__u40__user_load__seed42,Ours,ours,42,user_load,urban,4,40,102.2845618855072,90.56995444149082,258.63879989633665,62.965625,0.0,0.8293306815025268,0.9552128145992158,497640.3954531316,9.130145490169523,116.94911995574242,200000,200,3025.14883184433,rllib_ppo,/home/umb/Desktop/mappo2/paper_results_v51_final/runs/ours__full__urban__bs4__u40__user_load__seed42,10.0
ours__full__urban__bs4__u40__user_load__seed43,Ours,ours,43,user_load,urban,4,40,103.28423678024056,78.79316463678379,246.68822798037817,67.00875,0.0,0.8354867549293038,0.9515921647287516,500019.6290518637,8.882798671722412,119.32072717829084,200000,200,3106.7342054843903,rllib_ppo,/home/umb/Desktop/mappo2/paper_results_v51_final/runs/ours__full__urban__bs4__u40__user_load__seed43,10.0
ours__full__urban__bs4__u40__user_load__seed44,Ours,ours,44,user_load,urban,4,40,103.08066755145391,79.69868766383127,248.74506359247565,66.58375,0.0,0.8345094479951729,0.9508194472931882,477582.6201874364,8.904469728469849,119.44509717843616,200000,200,3017.645105600357,rllib_ppo,/home/umb/Desktop/mappo2/paper_results_v51_final/runs/ours__full__urban__bs4__u40__user_load__seed44,10.0
ours__full__urban__bs4__u60__user_load__seed42,Ours,ours,42,user_load,urban,4,60,151.87894247064645,123.97658702006257,357.1030774960637,54.17041666666667,0.0,0.7921006215006516,0.9711291930025908,500139.7752658549,12.411024510860443,109.07793151400256,200000,200,3776.59042263031,rllib_ppo,/home/umb/Desktop/mappo2/paper_results_v51_final/runs/ours__full__urban__bs4__u60__user_load__seed42,15.0
ours__full__urban__bs4__u60__user_load__seed43,Ours,ours,43,user_load,urban,4,60,151.9638847210328,115.24046895236006,347.7169592072818,56.6625,0.0,0.7965322806354077,0.9710871651784428,500030.4604673437,12.28967970609665,110.69740288914728,200000,200,3810.552417516709,rllib_ppo,/home/umb/Desktop/mappo2/paper_results_v51_final/runs/ours__full__urban__bs4__u60__user_load__seed43,15.0
ours__full__urban__bs4__u60__user_load__seed44,Ours,ours,44,user_load,urban,4,60,151.93924784851228,106.69284892743542,338.33564747125735,59.059583333333336,0.0,0.8007179703213384,0.9711100468520044,499829.3620635524,12.18900501728058,112.2462819182004,200000,200,3743.736760854721,rllib_ppo,/home/umb/Desktop/mappo2/paper_results_v51_final/runs/ours__full__urban__bs4__u60__user_load__seed44,15.0
ours__full__urban__bs4__u80__main__seed42,Ours,ours,42,main,urban,4,80,196.56344275477232,159.25766390212044,463.20662687131374,48.404375,0.0,0.7576101484718881,0.968624391957878,500153.903660472,16.059805393218994,101.68534705900186,200000,200,4603.540713310242,rllib_ppo,/home/umb/Desktop/mappo2/paper_results_v51_final/runs/ours__full__urban__bs4__u80__main__seed42,20.0
ours__full__urban__bs4__u80__main__seed43,Ours,ours,43,main,urban,4,80,197.41942741060683,135.96787916439916,434.7568907451393,54.0996875,0.0,0.7716521555084006,0.970293234437276,499356.5220157214,15.918751180171968,105.99069470774464,200000,200,4568.820488214493,rllib_ppo,/home/umb/Desktop/mappo2/paper_results_v51_final/runs/ours__full__urban__bs4__u80__main__seed43,20.0
ours__full__urban__bs4__u80__main__seed44,Ours,ours,44,main,urban,4,80,197.4069564023332,139.81197429796046,443.8673312903707,53.445625,0.0,0.7681938502931134,0.9707533695113866,449521.2877705887,15.72246503829956,106.24959911370595,200000,200,4611.048085689545,rllib_ppo,/home/umb/Desktop/mappo2/paper_results_v51_final/runs/ours__full__urban__bs4__u80__main__seed44,20.0
ours__full__urban__bs4__u100__user_load__seed42,Ours,ours,42,user_load,urban,4,100,240.00784355936972,191.73820381652095,552.4269443777737,44.454,0.0,0.7257217028409269,0.9836927289092215,500156.6433638382,18.994218945503235,95.7680046482598,200000,200,5297.22128033638,rllib_ppo,/home/umb/Desktop/mappo2/paper_results_v51_final/runs/ours__full__urban__bs4__u100__user_load__seed42,25.0
ours__full__urban__bs4__u100__user_load__seed43,Ours,ours,43,user_load,urban,4,100,240.6186640969377,164.2264052938651,524.2071242807028,50.75,0.0,0.7424049573608773,0.9810958565068052,500160.0,19.156066060066223,100.61001431835264,200000,200,5354.868700504303,rllib_ppo,/home/umb/Desktop/mappo2/paper_results_v51_final/runs/ours__full__urban__bs4__u100__user_load__seed43,25.0
ours__full__urban__bs4__u100__user_load__seed44,Ours,ours,44,user_load,urban,4,100,240.5983317678724,164.28844179003525,524.3708482667065,50.74575,0.0,0.7423404916384936,0.9809197764648568,499919.2435757103,19.144348800182343,100.59965973348248,200000,200,5312.317089796066,rllib_ppo,/home/umb/Desktop/mappo2/paper_results_v51_final/runs/ours__full__urban__bs4__u100__user_load__seed44,25.0
ours__full__urban__bs4__u120__user_load__seed42,Ours,ours,42,user_load,urban,4,120,281.2102650975341,192.20287627223428,613.0417714935261,48.30291666666667,0.0,0.7170276795934573,0.9854082746412848,500149.56726236985,21.94286125898361,95.68368111720665,200000,200,6135.625990390778,rllib_ppo,/home/umb/Desktop/mappo2/paper_results_v51_final/runs/ours__full__urban__bs4__u120__user_load__seed42,30.0
ours__full__urban__bs4__u120__user_load__seed43,Ours,ours,43,user_load,urban,4,120,283.1942665444148,192.4496775738927,615.1386429246027,48.33291666666667,0.0,0.7182937787379531,0.9840359558507336,500160.0,22.007927238941196,95.81948310162866,200000,200,6041.257836818695,rllib_ppo,/home/umb/Desktop/mappo2/paper_results_v51_final/runs/ours__full__urban__bs4__u120__user_load__seed43,30.0
ours__full__urban__bs4__u120__user_load__seed44,Ours,ours,44,user_load,urban,4,120,283.0658917308664,192.1057399521365,613.3760847424311,48.345625,0.0,0.7183499104473696,0.985051195275228,500159.3368278903,22.03613418340683,95.86881320653713,200000,200,6056.449343919754,rllib_ppo,/home/umb/Desktop/mappo2/paper_results_v51_final/runs/ours__full__urban__bs4__u120__user_load__seed44,30.0
