algorithm,method,seed,user_id,mean_qoe
Cent-PPO,cent_ppo,42,0,0.7619834544731522
Cent-PPO,cent_ppo,42,1,0.7451181344460738
Cent-PPO,cent_ppo,42,2,0.7653819512252896
Cent-PPO,cent_ppo,42,3,0.7402972751251498
Cent-PPO,cent_ppo,42,4,0.738942106593645
Cent-PPO,cent_ppo,42,5,0.717006603708105
Cent-PPO,cent_ppo,42,6,0.747879325064395
Cent-PPO,cent_ppo,42,7,0.7789615865483644
Cent-PPO,cent_ppo,42,8,0.7810042928245428
Cent-PPO,cent_ppo,42,9,0.7796791198929084
Cent-PPO,cent_ppo,42,10,0.7320911634929622
Cent-PPO,cent_ppo,42,11,0.7618030734860249
Cent-PPO,cent_ppo,42,12,0.7162485321704337
Cent-PPO,cent_ppo,42,13,0.7366511665264343
Cent-PPO,cent_ppo,42,14,0.7737474717783414
Cent-PPO,cent_ppo,42,15,0.729777721703266
Cent-PPO,cent_ppo,42,16,0.7227980506744213
Cent-PPO,cent_ppo,42,17,0.756946947970245
Cent-PPO,cent_ppo,42,18,0.7761807709665136
Cent-PPO,cent_ppo,42,19,0.7192746803943051
Cent-PPO,cent_ppo,42,20,0.7616964672650205
Cent-PPO,cent_ppo,42,21,0.7848430477138847
Cent-PPO,cent_ppo,42,22,0.8001322047327633
Cent-PPO,cent_ppo,42,23,0.7538088903466152
Cent-PPO,cent_ppo,42,24,0.7440413555166634
Cent-PPO,cent_ppo,42,25,0.7547691598074218
Cent-PPO,cent_ppo,42,26,0.7689639129096159
Cent-PPO,cent_ppo,42,27,0.7750771976771437
Cent-PPO,cent_ppo,42,28,0.7298047058619191
Cent-PPO,cent_ppo,42,29,0.7467036321451415
Cent-PPO,cent_ppo,42,30,0.8287177645176341
Cent-PPO,cent_ppo,42,31,0.7676670462607116
Cent-PPO,cent_ppo,42,32,0.7511501684790257
Cent-PPO,cent_ppo,42,33,0.7529390928197854
Cent-PPO,cent_ppo,42,34,0.8034509281408676
Cent-PPO,cent_ppo,42,35,0.7447320653219592
Cent-PPO,cent_ppo,42,36,0.7677919440843486
Cent-PPO,cent_ppo,42,37,0.79169980404529
Cent-PPO,cent_ppo,42,38,0.7913642286427298
Cent-PPO,cent_ppo,42,39,0.7925622850871101
Cent-PPO,cent_ppo,42,40,0.7545046672135459
Cent-PPO,cent_ppo,42,41,0.7669895021921637
Cent-PPO,cent_ppo,42,42,0.7654322584716908
Cent-PPO,cent_ppo,42,43,0.7947857949137914
Cent-PPO,cent_ppo,42,44,0.7699190791981143
Cent-PPO,cent_ppo,42,45,0.7443668577566404
Cent-PPO,cent_ppo,42,46,0.7250532359917458
Cent-PPO,cent_ppo,42,47,0.7846839954307797
Cent-PPO,cent_ppo,42,48,0.7993291639258139
Cent-PPO,cent_ppo,42,49,0.777702256060139
Cent-PPO,cent_ppo,42,50,0.727863116929686
Cent-PPO,cent_ppo,42,51,0.7400487509658787
Cent-PPO,cent_ppo,42,52,0.7438566640512181
Cent-PPO,cent_ppo,42,53,0.7744754994623684
Cent-PPO,cent_ppo,42,54,0.757022339854578
Cent-PPO,cent_ppo,42,55,0.7783816174434223
Cent-PPO,cent_ppo,42,56,0.7758062148069064
Cent-PPO,cent_ppo,42,57,0.7574054751207373
Cent-PPO,cent_ppo,42,58,0.7436068630173144
Cent-PPO,cent_ppo,42,59,0.767391186711037
Cent-PPO,cent_ppo,42,60,0.8074116353730928
Cent-PPO,cent_ppo,42,61,0.722507827483321
Cent-PPO,cent_ppo,42,62,0.7712313496599372
Cent-PPO,cent_ppo,42,63,0.7517561613274651
Cent-PPO,cent_ppo,42,64,0.7408826413337113
Cent-PPO,cent_ppo,42,65,0.7627117492599939
Cent-PPO,cent_ppo,42,66,0.7817862485564168
Cent-PPO,cent_ppo,42,67,0.7440960550107937
Cent-PPO,cent_ppo,42,68,0.7593244079627298
Cent-PPO,cent_ppo,42,69,0.7648326702464656
Cent-PPO,cent_ppo,42,70,0.7317201251548084
Cent-PPO,cent_ppo,42,71,0.7593664333303372
Cent-PPO,cent_ppo,42,72,0.7596392492566242
Cent-PPO,cent_ppo,42,73,0.7708675633630169
Cent-PPO,cent_ppo,42,74,0.7811736995774388
Cent-PPO,cent_ppo,42,75,0.7840119100766965
Cent-PPO,cent_ppo,42,76,0.7565644974544681
Cent-PPO,cent_ppo,42,77,0.7751371308692249
Cent-PPO,cent_ppo,42,78,0.7793733807874488
Cent-PPO,cent_ppo,42,79,0.7791253347196501
Cent-PPO,cent_ppo,43,0,0.7722890723833505
Cent-PPO,cent_ppo,43,1,0.7525727148221788
Cent-PPO,cent_ppo,43,2,0.7734890223378299
Cent-PPO,cent_ppo,43,3,0.7507848717668785
Cent-PPO,cent_ppo,43,4,0.7490063930503627
Cent-PPO,cent_ppo,43,5,0.7290326225258812
Cent-PPO,cent_ppo,43,6,0.7590804933446643
Cent-PPO,cent_ppo,43,7,0.7884761728726429
Cent-PPO,cent_ppo,43,8,0.7874230350710665
Cent-PPO,cent_ppo,43,9,0.7870286237264318
Cent-PPO,cent_ppo,43,10,0.7412681773697822
Cent-PPO,cent_ppo,43,11,0.7708842984025748
Cent-PPO,cent_ppo,43,12,0.7245697942188069
Cent-PPO,cent_ppo,43,13,0.7458119962063763
Cent-PPO,cent_ppo,43,14,0.7821402973200959
Cent-PPO,cent_ppo,43,15,0.738186098924712
Cent-PPO,cent_ppo,43,16,0.732736808341363
Cent-PPO,cent_ppo,43,17,0.7649127452524987
Cent-PPO,cent_ppo,43,18,0.7853203669051092
Cent-PPO,cent_ppo,43,19,0.7283401808707292
Cent-PPO,cent_ppo,43,20,0.7744513761284357
Cent-PPO,cent_ppo,43,21,0.7935856813419319
Cent-PPO,cent_ppo,43,22,0.8095757725192154
Cent-PPO,cent_ppo,43,23,0.7627841943756494
Cent-PPO,cent_ppo,43,24,0.7535843779396048
Cent-PPO,cent_ppo,43,25,0.763712062195534
Cent-PPO,cent_ppo,43,26,0.7809747738924765
Cent-PPO,cent_ppo,43,27,0.7840984917091262
Cent-PPO,cent_ppo,43,28,0.7403662001328272
Cent-PPO,cent_ppo,43,29,0.7544675464372977
Cent-PPO,cent_ppo,43,30,0.8369471779321436
Cent-PPO,cent_ppo,43,31,0.7759684784453567
Cent-PPO,cent_ppo,43,32,0.7621562920196019
Cent-PPO,cent_ppo,43,33,0.7577507445743347
Cent-PPO,cent_ppo,43,34,0.8107745809910702
Cent-PPO,cent_ppo,43,35,0.7517084405020569
Cent-PPO,cent_ppo,43,36,0.774945798056584
Cent-PPO,cent_ppo,43,37,0.7996856892163843
Cent-PPO,cent_ppo,43,38,0.8011173782453036
Cent-PPO,cent_ppo,43,39,0.8021735460650236
Cent-PPO,cent_ppo,43,40,0.7631072579784361
Cent-PPO,cent_ppo,43,41,0.7769407332367798
Cent-PPO,cent_ppo,43,42,0.7748113050552793
Cent-PPO,cent_ppo,43,43,0.802234575686317
Cent-PPO,cent_ppo,43,44,0.778796133641477
Cent-PPO,cent_ppo,43,45,0.7518875407582036
Cent-PPO,cent_ppo,43,46,0.7336438820320582
Cent-PPO,cent_ppo,43,47,0.7912848085973826
Cent-PPO,cent_ppo,43,48,0.8095341210104303
Cent-PPO,cent_ppo,43,49,0.7861948353737139
Cent-PPO,cent_ppo,43,50,0.7366818899915665
Cent-PPO,cent_ppo,43,51,0.7474608656765975
Cent-PPO,cent_ppo,43,52,0.7536265773946713
Cent-PPO,cent_ppo,43,53,0.7832563545487651
Cent-PPO,cent_ppo,43,54,0.7664311547075492
Cent-PPO,cent_ppo,43,55,0.7860599751601944
Cent-PPO,cent_ppo,43,56,0.7842279589971966
Cent-PPO,cent_ppo,43,57,0.7648084725147423
Cent-PPO,cent_ppo,43,58,0.7517893694971195
Cent-PPO,cent_ppo,43,59,0.7765663740365344
Cent-PPO,cent_ppo,43,60,0.8164476275527688
Cent-PPO,cent_ppo,43,61,0.7318340138372473
Cent-PPO,cent_ppo,43,62,0.7790744150173599
Cent-PPO,cent_ppo,43,63,0.759090938298299
Cent-PPO,cent_ppo,43,64,0.7513079434978742
Cent-PPO,cent_ppo,43,65,0.7716604178671789
Cent-PPO,cent_ppo,43,66,0.78945418639058
Cent-PPO,cent_ppo,43,67,0.7518662418410702
Cent-PPO,cent_ppo,43,68,0.768022985758913
Cent-PPO,cent_ppo,43,69,0.7730928607547309
Cent-PPO,cent_ppo,43,70,0.7406655451655971
Cent-PPO,cent_ppo,43,71,0.7684141006317087
Cent-PPO,cent_ppo,43,72,0.7690200173184485
Cent-PPO,cent_ppo,43,73,0.7781291524726123
Cent-PPO,cent_ppo,43,74,0.7912263397673341
Cent-PPO,cent_ppo,43,75,0.7923675241380762
Cent-PPO,cent_ppo,43,76,0.7652347148856695
Cent-PPO,cent_ppo,43,77,0.7829470829619192
Cent-PPO,cent_ppo,43,78,0.7886417295970577
Cent-PPO,cent_ppo,43,79,0.7872934705893101
Cent-PPO,cent_ppo,44,0,0.7591327380101087
Cent-PPO,cent_ppo,44,1,0.743546945703207
Cent-PPO,cent_ppo,44,2,0.7656801956805518
Cent-PPO,cent_ppo,44,3,0.7364176068855448
Cent-PPO,cent_ppo,44,4,0.7350538266650497
Cent-PPO,cent_ppo,44,5,0.7157783457601322
Cent-PPO,cent_ppo,44,6,0.7454474463171801
Cent-PPO,cent_ppo,44,7,0.7769887807959786
Cent-PPO,cent_ppo,44,8,0.7792408001144202
Cent-PPO,cent_ppo,44,9,0.7745252832588051
Cent-PPO,cent_ppo,44,10,0.7271886469153581
Cent-PPO,cent_ppo,44,11,0.7582201257558343
Cent-PPO,cent_ppo,44,12,0.7132556454476991
Cent-PPO,cent_ppo,44,13,0.7362142893354511
Cent-PPO,cent_ppo,44,14,0.7686795758288949
Cent-PPO,cent_ppo,44,15,0.7261224709028175
Cent-PPO,cent_ppo,44,16,0.7214121063384721
Cent-PPO,cent_ppo,44,17,0.7544775754201368
Cent-PPO,cent_ppo,44,18,0.7729694873954022
Cent-PPO,cent_ppo,44,19,0.7183211671232945
Cent-PPO,cent_ppo,44,20,0.7613652883568937
Cent-PPO,cent_ppo,44,21,0.7814449858425112
Cent-PPO,cent_ppo,44,22,0.7984193617201044
Cent-PPO,cent_ppo,44,23,0.750253004253022
Cent-PPO,cent_ppo,44,24,0.7423682717255099
Cent-PPO,cent_ppo,44,25,0.7507091438924854
Cent-PPO,cent_ppo,44,26,0.7663289350578043
Cent-PPO,cent_ppo,44,27,0.7689420000338014
Cent-PPO,cent_ppo,44,28,0.7294756866608174
Cent-PPO,cent_ppo,44,29,0.7446256497365218
Cent-PPO,cent_ppo,44,30,0.8273292059876068
Cent-PPO,cent_ppo,44,31,0.7655526109507965
Cent-PPO,cent_ppo,44,32,0.7488764219666527
Cent-PPO,cent_ppo,44,33,0.7486994758559319
Cent-PPO,cent_ppo,44,34,0.8012974058664372
Cent-PPO,cent_ppo,44,35,0.7423989644335705
Cent-PPO,cent_ppo,44,36,0.7639488636193605
Cent-PPO,cent_ppo,44,37,0.7885857804577179
Cent-PPO,cent_ppo,44,38,0.7885119031514577
Cent-PPO,cent_ppo,44,39,0.7884436131742951
Cent-PPO,cent_ppo,44,40,0.7525232776520936
Cent-PPO,cent_ppo,44,41,0.7644206447362693
Cent-PPO,cent_ppo,44,42,0.7634851076669301
Cent-PPO,cent_ppo,44,43,0.7939637125212623
Cent-PPO,cent_ppo,44,44,0.76599070300785
Cent-PPO,cent_ppo,44,45,0.741147941616614
Cent-PPO,cent_ppo,44,46,0.7261239786038656
Cent-PPO,cent_ppo,44,47,0.7797574926893627
Cent-PPO,cent_ppo,44,48,0.796454121043986
Cent-PPO,cent_ppo,44,49,0.7764457000678137
Cent-PPO,cent_ppo,44,50,0.7276112250418247
Cent-PPO,cent_ppo,44,51,0.7385342981609254
Cent-PPO,cent_ppo,44,52,0.740347954979259
Cent-PPO,cent_ppo,44,53,0.7719192791221142
Cent-PPO,cent_ppo,44,54,0.751412338289891
Cent-PPO,cent_ppo,44,55,0.7765836046540328
Cent-PPO,cent_ppo,44,56,0.771720844904162
Cent-PPO,cent_ppo,44,57,0.7552507122866241
Cent-PPO,cent_ppo,44,58,0.73988681592055
Cent-PPO,cent_ppo,44,59,0.7658327362056767
Cent-PPO,cent_ppo,44,60,0.8037592556617436
Cent-PPO,cent_ppo,44,61,0.7185055317898214
Cent-PPO,cent_ppo,44,62,0.769002400448144
Cent-PPO,cent_ppo,44,63,0.7479607730048943
Cent-PPO,cent_ppo,44,64,0.7392021714985969
Cent-PPO,cent_ppo,44,65,0.7589393232351006
Cent-PPO,cent_ppo,44,66,0.7766514445778756
Cent-PPO,cent_ppo,44,67,0.7415372593813051
Cent-PPO,cent_ppo,44,68,0.7551422771243221
Cent-PPO,cent_ppo,44,69,0.7601408489651413
Cent-PPO,cent_ppo,44,70,0.729010960952025
Cent-PPO,cent_ppo,44,71,0.7566627063219321
Cent-PPO,cent_ppo,44,72,0.7566538056129685
Cent-PPO,cent_ppo,44,73,0.767476483896005
Cent-PPO,cent_ppo,44,74,0.7766819836081712
Cent-PPO,cent_ppo,44,75,0.7804060677305863
Cent-PPO,cent_ppo,44,76,0.7556664155571979
Cent-PPO,cent_ppo,44,77,0.7718974004147656
Cent-PPO,cent_ppo,44,78,0.7765830982579112
Cent-PPO,cent_ppo,44,79,0.7775304094364388
MAPPO,mappo,42,0,0.7545304377576688
MAPPO,mappo,42,1,0.7361789575105763
MAPPO,mappo,42,2,0.7581674759792814
MAPPO,mappo,42,3,0.7335112974336635
MAPPO,mappo,42,4,0.7311095233562465
MAPPO,mappo,42,5,0.7110666722425539
MAPPO,mappo,42,6,0.7415164701680459
MAPPO,mappo,42,7,0.77058480040714
MAPPO,mappo,42,8,0.7728319856988383
MAPPO,mappo,42,9,0.7689414502361092
MAPPO,mappo,42,10,0.7244288735639534
MAPPO,mappo,42,11,0.7531052430098012
MAPPO,mappo,42,12,0.7083593576180836
MAPPO,mappo,42,13,0.729188084895314
MAPPO,mappo,42,14,0.7637504107934336
MAPPO,mappo,42,15,0.7220265035427864
MAPPO,mappo,42,16,0.7164367657751132
MAPPO,mappo,42,17,0.7496699942538021
MAPPO,mappo,42,18,0.7677185157418387
MAPPO,mappo,42,19,0.711905330552145
MAPPO,mappo,42,20,0.7574142525340176
MAPPO,mappo,42,21,0.7762836737515864
MAPPO,mappo,42,22,0.7925335221026617
MAPPO,mappo,42,23,0.7449117213414783
MAPPO,mappo,42,24,0.7350704982276851
MAPPO,mappo,42,25,0.746345815344429
MAPPO,mappo,42,26,0.7634846576618248
MAPPO,mappo,42,27,0.765971090281229
MAPPO,mappo,42,28,0.7241967485861226
MAPPO,mappo,42,29,0.7386015305808832
MAPPO,mappo,42,30,0.8194468043992593
MAPPO,mappo,42,31,0.7582222884085074
MAPPO,mappo,42,32,0.7455690371579333
MAPPO,mappo,42,33,0.7433782746329737
MAPPO,mappo,42,34,0.7931713283037688
MAPPO,mappo,42,35,0.7365448710844372
MAPPO,mappo,42,36,0.7580602482615606
MAPPO,mappo,42,37,0.7837943283263414
MAPPO,mappo,42,38,0.7842499408368765
MAPPO,mappo,42,39,0.7857923595887453
MAPPO,mappo,42,40,0.7474589242520481
MAPPO,mappo,42,41,0.7604465578646795
MAPPO,mappo,42,42,0.7580975069139547
MAPPO,mappo,42,43,0.7856593445571571
MAPPO,mappo,42,44,0.7634520268798519
MAPPO,mappo,42,45,0.7363633115174067
MAPPO,mappo,42,46,0.7175045025411411
MAPPO,mappo,42,47,0.7748819275087525
MAPPO,mappo,42,48,0.7913963991927994
MAPPO,mappo,42,49,0.7709232524355005
MAPPO,mappo,42,50,0.7204745297765675
MAPPO,mappo,42,51,0.7315315102416243
MAPPO,mappo,42,52,0.7363975733617321
MAPPO,mappo,42,53,0.7660866957183439
MAPPO,mappo,42,54,0.7483968485226874
MAPPO,mappo,42,55,0.7703842858754775
MAPPO,mappo,42,56,0.7668333044578582
MAPPO,mappo,42,57,0.7494719026370774
MAPPO,mappo,42,58,0.7329072841358703
MAPPO,mappo,42,59,0.7611826769985778
MAPPO,mappo,42,60,0.8010361988319304
MAPPO,mappo,42,61,0.715881944434696
MAPPO,mappo,42,62,0.7629474806068075
MAPPO,mappo,42,63,0.7432279290127773
MAPPO,mappo,42,64,0.735712575266889
MAPPO,mappo,42,65,0.7548406183115879
MAPPO,mappo,42,66,0.772695303968716
MAPPO,mappo,42,67,0.736316732482437
MAPPO,mappo,42,68,0.750483509605771
MAPPO,mappo,42,69,0.7563422775651292
MAPPO,mappo,42,70,0.7243576965321399
MAPPO,mappo,42,71,0.7510491898700622
MAPPO,mappo,42,72,0.7530048364585081
MAPPO,mappo,42,73,0.7626181110911798
MAPPO,mappo,42,74,0.7735004950160244
MAPPO,mappo,42,75,0.7758473401567567
MAPPO,mappo,42,76,0.7489789908461132
MAPPO,mappo,42,77,0.7670187157898467
MAPPO,mappo,42,78,0.7716236921899304
MAPPO,mappo,42,79,0.7706889761276781
MAPPO,mappo,43,0,0.7713379668592845
MAPPO,mappo,43,1,0.751574585880443
MAPPO,mappo,43,2,0.7746558662473108
MAPPO,mappo,43,3,0.7493533959733643
MAPPO,mappo,43,4,0.7472706442424596
MAPPO,mappo,43,5,0.7286496993580169
MAPPO,mappo,43,6,0.759078972009389
MAPPO,mappo,43,7,0.7861959428675143
MAPPO,mappo,43,8,0.7873164735643127
MAPPO,mappo,43,9,0.7841569989092384
MAPPO,mappo,43,10,0.7398107510657527
MAPPO,mappo,43,11,0.7710264808451945
MAPPO,mappo,43,12,0.7247194645090054
MAPPO,mappo,43,13,0.7445963262519006
MAPPO,mappo,43,14,0.7796954930222013
MAPPO,mappo,43,15,0.7376276243819453
MAPPO,mappo,43,16,0.7319498833079735
MAPPO,mappo,43,17,0.7655192828701571
MAPPO,mappo,43,18,0.7837311947640676
MAPPO,mappo,43,19,0.7267446995049031
MAPPO,mappo,43,20,0.7739099892203103
MAPPO,mappo,43,21,0.7930514490510016
MAPPO,mappo,43,22,0.8083954184065791
MAPPO,mappo,43,23,0.7600785156508004
MAPPO,mappo,43,24,0.7515832710255084
MAPPO,mappo,43,25,0.7612688105545946
MAPPO,mappo,43,26,0.7807824177040487
MAPPO,mappo,43,27,0.7824166696318483
MAPPO,mappo,43,28,0.740245079825115
MAPPO,mappo,43,29,0.754037723771326
MAPPO,mappo,43,30,0.8354711325750127
MAPPO,mappo,43,31,0.7736915483167176
MAPPO,mappo,43,32,0.7612776138803348
MAPPO,mappo,43,33,0.7585356289592494
MAPPO,mappo,43,34,0.8095444392586069
MAPPO,mappo,43,35,0.7516277543330863
MAPPO,mappo,43,36,0.7741145496411866
MAPPO,mappo,43,37,0.7992635501405109
MAPPO,mappo,43,38,0.8004306325047459
MAPPO,mappo,43,39,0.8019956539102412
MAPPO,mappo,43,40,0.7630169038479172
MAPPO,mappo,43,41,0.7747263552632603
MAPPO,mappo,43,42,0.7747483703610493
MAPPO,mappo,43,43,0.8010267715066587
MAPPO,mappo,43,44,0.7786755093148022
MAPPO,mappo,43,45,0.7514174663565486
MAPPO,mappo,43,46,0.7327933107311578
MAPPO,mappo,43,47,0.7907810172799219
MAPPO,mappo,43,48,0.8077941449381891
MAPPO,mappo,43,49,0.7860138342347032
MAPPO,mappo,43,50,0.7360713861755662
MAPPO,mappo,43,51,0.7453882365561528
MAPPO,mappo,43,52,0.7521952554372296
MAPPO,mappo,43,53,0.780478385327321
MAPPO,mappo,43,54,0.7651885268379521
MAPPO,mappo,43,55,0.7856896198313261
MAPPO,mappo,43,56,0.7820701542012493
MAPPO,mappo,43,57,0.764214510741718
MAPPO,mappo,43,58,0.7482253924884221
MAPPO,mappo,43,59,0.7761706170379541
MAPPO,mappo,43,60,0.8156801327029146
MAPPO,mappo,43,61,0.730560026349272
MAPPO,mappo,43,62,0.7795236983812565
MAPPO,mappo,43,63,0.7572722924458846
MAPPO,mappo,43,64,0.7511161654542207
MAPPO,mappo,43,65,0.7692123330661481
MAPPO,mappo,43,66,0.7890240225492714
MAPPO,mappo,43,67,0.7504606214264274
MAPPO,mappo,43,68,0.7660880437785267
MAPPO,mappo,43,69,0.7718988417841184
MAPPO,mappo,43,70,0.7396084133869533
MAPPO,mappo,43,71,0.7656988117755009
MAPPO,mappo,43,72,0.768225348780783
MAPPO,mappo,43,73,0.7786826974078545
MAPPO,mappo,43,74,0.7896298620918488
MAPPO,mappo,43,75,0.791731471019063
MAPPO,mappo,43,76,0.7645485928391685
MAPPO,mappo,43,77,0.7831660555913637
MAPPO,mappo,43,78,0.78834958489127
MAPPO,mappo,43,79,0.7850990322715922
MAPPO,mappo,44,0,0.7629566769934444
MAPPO,mappo,44,1,0.7424452495167398
MAPPO,mappo,44,2,0.7656333067722044
MAPPO,mappo,44,3,0.7417673990854153
MAPPO,mappo,44,4,0.7383532114823788
MAPPO,mappo,44,5,0.7213245405379072
MAPPO,mappo,44,6,0.7531114650833899
MAPPO,mappo,44,7,0.7790507331729509
MAPPO,mappo,44,8,0.7799765832307507
MAPPO,mappo,44,9,0.7765401343379796
MAPPO,mappo,44,10,0.7333502989188501
MAPPO,mappo,44,11,0.762788859987459
MAPPO,mappo,44,12,0.7173967948398418
MAPPO,mappo,44,13,0.7361940284495992
MAPPO,mappo,44,14,0.7725964091802672
MAPPO,mappo,44,15,0.731140329361311
MAPPO,mappo,44,16,0.7246448075815775
MAPPO,mappo,44,17,0.7578906292044326
MAPPO,mappo,44,18,0.7757972637981604
MAPPO,mappo,44,19,0.7186426782981891
MAPPO,mappo,44,20,0.7668713341352142
MAPPO,mappo,44,21,0.7864014119415599
MAPPO,mappo,44,22,0.8013167609501269
MAPPO,mappo,44,23,0.7527985933049272
MAPPO,mappo,44,24,0.7429694149948689
MAPPO,mappo,44,25,0.7534458655263314
MAPPO,mappo,44,26,0.7745354473173556
MAPPO,mappo,44,27,0.7765308254293737
MAPPO,mappo,44,28,0.732386865232803
MAPPO,mappo,44,29,0.7453744855310657
MAPPO,mappo,44,30,0.8281943787013105
MAPPO,mappo,44,31,0.7659013529525817
MAPPO,mappo,44,32,0.7545710310774316
MAPPO,mappo,44,33,0.7510505613221481
MAPPO,mappo,44,34,0.802425728527195
MAPPO,mappo,44,35,0.7448457389762013
MAPPO,mappo,44,36,0.7662795010252205
MAPPO,mappo,44,37,0.7930248568047703
MAPPO,mappo,44,38,0.794605569383368
MAPPO,mappo,44,39,0.7955867854753947
MAPPO,mappo,44,40,0.7560860361251318
MAPPO,mappo,44,41,0.7664406091108624
MAPPO,mappo,44,42,0.7683000413844763
MAPPO,mappo,44,43,0.7941340396842971
MAPPO,mappo,44,44,0.7717902572950822
MAPPO,mappo,44,45,0.7436613073571016
MAPPO,mappo,44,46,0.7251334154529252
MAPPO,mappo,44,47,0.7841212863367241
MAPPO,mappo,44,48,0.8019216371403954
MAPPO,mappo,44,49,0.777665014800097
MAPPO,mappo,44,50,0.7287376154213009
MAPPO,mappo,44,51,0.73683357799756
MAPPO,mappo,44,52,0.7452304881408962
MAPPO,mappo,44,53,0.7723922653429203
MAPPO,mappo,44,54,0.7587954407598256
MAPPO,mappo,44,55,0.77921047758172
MAPPO,mappo,44,56,0.7749918879142487
MAPPO,mappo,44,57,0.7567155654568153
MAPPO,mappo,44,58,0.7414707239923214
MAPPO,mappo,44,59,0.7688424680762533
MAPPO,mappo,44,60,0.8086949726865775
MAPPO,mappo,44,61,0.7224305692528994
MAPPO,mappo,44,62,0.7726886142816837
MAPPO,mappo,44,63,0.7481134954626841
MAPPO,mappo,44,64,0.7434369856245383
MAPPO,mappo,44,65,0.7627556208186356
MAPPO,mappo,44,66,0.7821483325799266
MAPPO,mappo,44,67,0.7416148668871437
MAPPO,mappo,44,68,0.7576329310926186
MAPPO,mappo,44,69,0.7651126151137352
MAPPO,mappo,44,70,0.7327225810554768
MAPPO,mappo,44,71,0.7572216291998237
MAPPO,mappo,44,72,0.7613441524830478
MAPPO,mappo,44,73,0.7719955093875123
MAPPO,mappo,44,74,0.7837138223419325
MAPPO,mappo,44,75,0.7852856455974818
MAPPO,mappo,44,76,0.7564237631851111
MAPPO,mappo,44,77,0.7760985164084819
MAPPO,mappo,44,78,0.7838867257438927
MAPPO,mappo,44,79,0.7776032385451088
MA-A2C,ma_a2c,42,0,0.7257433816974406
MA-A2C,ma_a2c,42,1,0.7054570689249561
MA-A2C,ma_a2c,42,2,0.7296576026116479
MA-A2C,ma_a2c,42,3,0.7029337303444687
MA-A2C,ma_a2c,42,4,0.6998824721139179
MA-A2C,ma_a2c,42,5,0.6808038421453868
MA-A2C,ma_a2c,42,6,0.7089149338628209
MA-A2C,ma_a2c,42,7,0.7407946941246979
MA-A2C,ma_a2c,42,8,0.7437555260652069
MA-A2C,ma_a2c,42,9,0.7371533361856526
MA-A2C,ma_a2c,42,10,0.6913744647776854
MA-A2C,ma_a2c,42,11,0.7220808906703716
MA-A2C,ma_a2c,42,12,0.6764020935508014
MA-A2C,ma_a2c,42,13,0.6957582424701994
MA-A2C,ma_a2c,42,14,0.7303536398569214
MA-A2C,ma_a2c,42,15,0.6893505189598216
MA-A2C,ma_a2c,42,16,0.6853105527480976
MA-A2C,ma_a2c,42,17,0.7157706754433241
MA-A2C,ma_a2c,42,18,0.7379924736281844
MA-A2C,ma_a2c,42,19,0.6812708279291275
MA-A2C,ma_a2c,42,20,0.7259129490177113
MA-A2C,ma_a2c,42,21,0.7459140470609227
MA-A2C,ma_a2c,42,22,0.7605683259926059
MA-A2C,ma_a2c,42,23,0.7131233544483243
MA-A2C,ma_a2c,42,24,0.7041811602516996
MA-A2C,ma_a2c,42,25,0.714678637992527
MA-A2C,ma_a2c,42,26,0.7303588003141414
MA-A2C,ma_a2c,42,27,0.7349521202000253
MA-A2C,ma_a2c,42,28,0.6921778446032426
MA-A2C,ma_a2c,42,29,0.7072565116153208
MA-A2C,ma_a2c,42,30,0.7882396662366801
MA-A2C,ma_a2c,42,31,0.7266156553499585
MA-A2C,ma_a2c,42,32,0.7142116258968135
MA-A2C,ma_a2c,42,33,0.7101360055823429
MA-A2C,ma_a2c,42,34,0.7600553340031176
MA-A2C,ma_a2c,42,35,0.7038895930812766
MA-A2C,ma_a2c,42,36,0.724125845523057
MA-A2C,ma_a2c,42,37,0.7525838355911643
MA-A2C,ma_a2c,42,38,0.7514168423059243
MA-A2C,ma_a2c,42,39,0.7513486906848557
MA-A2C,ma_a2c,42,40,0.7139224196475673
MA-A2C,ma_a2c,42,41,0.726807475314339
MA-A2C,ma_a2c,42,42,0.726046499807644
MA-A2C,ma_a2c,42,43,0.7542722270757284
MA-A2C,ma_a2c,42,44,0.7304360952221114
MA-A2C,ma_a2c,42,45,0.7046545650369984
MA-A2C,ma_a2c,42,46,0.687434723707037
MA-A2C,ma_a2c,42,47,0.7422452057643623
MA-A2C,ma_a2c,42,48,0.7607935374331322
MA-A2C,ma_a2c,42,49,0.7401684402354888
MA-A2C,ma_a2c,42,50,0.6887505093041031
MA-A2C,ma_a2c,42,51,0.7020637633347739
MA-A2C,ma_a2c,42,52,0.7028290110252875
MA-A2C,ma_a2c,42,53,0.7342802401060873
MA-A2C,ma_a2c,42,54,0.7149155837784734
MA-A2C,ma_a2c,42,55,0.7384066625521568
MA-A2C,ma_a2c,42,56,0.7351467180598429
MA-A2C,ma_a2c,42,57,0.7160134511896261
MA-A2C,ma_a2c,42,58,0.7017764771250945
MA-A2C,ma_a2c,42,59,0.7280047801775105
MA-A2C,ma_a2c,42,60,0.7681606448177019
MA-A2C,ma_a2c,42,61,0.6830544748859684
MA-A2C,ma_a2c,42,62,0.7322758112628169
MA-A2C,ma_a2c,42,63,0.7098514017903753
MA-A2C,ma_a2c,42,64,0.7007420382528649
MA-A2C,ma_a2c,42,65,0.7215549151526367
MA-A2C,ma_a2c,42,66,0.7399319538476598
MA-A2C,ma_a2c,42,67,0.7070348942599306
MA-A2C,ma_a2c,42,68,0.7177940863429484
MA-A2C,ma_a2c,42,69,0.7221440978200074
MA-A2C,ma_a2c,42,70,0.6913966960754258
MA-A2C,ma_a2c,42,71,0.7200314652039138
MA-A2C,ma_a2c,42,72,0.7218859999696726
MA-A2C,ma_a2c,42,73,0.7290140847973959
MA-A2C,ma_a2c,42,74,0.7386566444479471
MA-A2C,ma_a2c,42,75,0.7452224738486379
MA-A2C,ma_a2c,42,76,0.7187576558217579
MA-A2C,ma_a2c,42,77,0.7358221074956864
MA-A2C,ma_a2c,42,78,0.7393658604280365
MA-A2C,ma_a2c,42,79,0.7391675564933966
MA-A2C,ma_a2c,43,0,0.7274153044986883
MA-A2C,ma_a2c,43,1,0.707248545880338
MA-A2C,ma_a2c,43,2,0.7313750975379504
MA-A2C,ma_a2c,43,3,0.704617809775089
MA-A2C,ma_a2c,43,4,0.7016002030503187
MA-A2C,ma_a2c,43,5,0.6824722600472651
MA-A2C,ma_a2c,43,6,0.7106599111039495
MA-A2C,ma_a2c,43,7,0.7425007913056855
MA-A2C,ma_a2c,43,8,0.7454601667818872
MA-A2C,ma_a2c,43,9,0.7389299944000223
MA-A2C,ma_a2c,43,10,0.6931396481642373
MA-A2C,ma_a2c,43,11,0.7238360820858295
MA-A2C,ma_a2c,43,12,0.6781874345246187
MA-A2C,ma_a2c,43,13,0.6976243720754549
MA-A2C,ma_a2c,43,14,0.7321701896219212
MA-A2C,ma_a2c,43,15,0.6911296739328713
MA-A2C,ma_a2c,43,16,0.6870663593656853
MA-A2C,ma_a2c,43,17,0.7176417616678803
MA-A2C,ma_a2c,43,18,0.7397203650685463
MA-A2C,ma_a2c,43,19,0.6830045887166902
MA-A2C,ma_a2c,43,20,0.727647955564078
MA-A2C,ma_a2c,43,21,0.7476470931312265
MA-A2C,ma_a2c,43,22,0.7623442756183096
MA-A2C,ma_a2c,43,23,0.7148988240708564
MA-A2C,ma_a2c,43,24,0.7059525285939399
MA-A2C,ma_a2c,43,25,0.716432987890451
MA-A2C,ma_a2c,43,26,0.7321547396343205
MA-A2C,ma_a2c,43,27,0.7366486961496206
MA-A2C,ma_a2c,43,28,0.6939994537209497
MA-A2C,ma_a2c,43,29,0.7090439131367057
MA-A2C,ma_a2c,43,30,0.790026394086856
MA-A2C,ma_a2c,43,31,0.7283744860217196
MA-A2C,ma_a2c,43,32,0.7159523830174319
MA-A2C,ma_a2c,43,33,0.711972729528595
MA-A2C,ma_a2c,43,34,0.7618760358582428
MA-A2C,ma_a2c,43,35,0.7057099577669499
MA-A2C,ma_a2c,43,36,0.7259926342167676
MA-A2C,ma_a2c,43,37,0.7543057348714812
MA-A2C,ma_a2c,43,38,0.753173398896909
MA-A2C,ma_a2c,43,39,0.753182841498588
MA-A2C,ma_a2c,43,40,0.7157762129299734
MA-A2C,ma_a2c,43,41,0.7286964309836631
MA-A2C,ma_a2c,43,42,0.727803273212232
MA-A2C,ma_a2c,43,43,0.7560487278635372
MA-A2C,ma_a2c,43,44,0.7322296940120856
MA-A2C,ma_a2c,43,45,0.7064067349549834
MA-A2C,ma_a2c,43,46,0.6891578537274718
MA-A2C,ma_a2c,43,47,0.7440233663260464
MA-A2C,ma_a2c,43,48,0.7624995302379789
MA-A2C,ma_a2c,43,49,0.7419506162928242
MA-A2C,ma_a2c,43,50,0.6905332221187043
MA-A2C,ma_a2c,43,51,0.7038237105990979
MA-A2C,ma_a2c,43,52,0.7046202934955089
MA-A2C,ma_a2c,43,53,0.7360557668260894
MA-A2C,ma_a2c,43,54,0.7166951867812429
MA-A2C,ma_a2c,43,55,0.7401600875055778
MA-A2C,ma_a2c,43,56,0.7369245953862446
MA-A2C,ma_a2c,43,57,0.7178804698034253
MA-A2C,ma_a2c,43,58,0.7035319520878891
MA-A2C,ma_a2c,43,59,0.7298313797189437
MA-A2C,ma_a2c,43,60,0.769943381366271
MA-A2C,ma_a2c,43,61,0.6848200641557325
MA-A2C,ma_a2c,43,62,0.7339927298810157
MA-A2C,ma_a2c,43,63,0.7117034872216841
MA-A2C,ma_a2c,43,64,0.7026403182413925
MA-A2C,ma_a2c,43,65,0.7233781570351748
MA-A2C,ma_a2c,43,66,0.7417267651352821
MA-A2C,ma_a2c,43,67,0.708779463678718
MA-A2C,ma_a2c,43,68,0.7195994193572314
MA-A2C,ma_a2c,43,69,0.7239536775796565
MA-A2C,ma_a2c,43,70,0.6932066973393073
MA-A2C,ma_a2c,43,71,0.7217696813697383
MA-A2C,ma_a2c,43,72,0.7236344893296951
MA-A2C,ma_a2c,43,73,0.7308150052167431
MA-A2C,ma_a2c,43,74,0.7404992653394413
MA-A2C,ma_a2c,43,75,0.7469293475158589
MA-A2C,ma_a2c,43,76,0.7204783870444076
MA-A2C,ma_a2c,43,77,0.7375950722705391
MA-A2C,ma_a2c,43,78,0.7411106398275069
MA-A2C,ma_a2c,43,79,0.7409303855265429
MA-A2C,ma_a2c,44,0,0.6964994990326248
MA-A2C,ma_a2c,44,1,0.6740615605428132
MA-A2C,ma_a2c,44,2,0.6995047392750241
MA-A2C,ma_a2c,44,3,0.6731408788295551
MA-A2C,ma_a2c,44,4,0.6697810749495738
MA-A2C,ma_a2c,44,5,0.6516061921121789
MA-A2C,ma_a2c,44,6,0.6783049397159773
MA-A2C,ma_a2c,44,7,0.7108617277576325
MA-A2C,ma_a2c,44,8,0.7138975719500388
MA-A2C,ma_a2c,44,9,0.7061492552552161
MA-A2C,ma_a2c,44,10,0.6604990713135043
MA-A2C,ma_a2c,44,11,0.6913511319012178
MA-A2C,ma_a2c,44,12,0.6451552762474504
MA-A2C,ma_a2c,44,13,0.6633170491466186
MA-A2C,ma_a2c,44,14,0.6985450829433273
MA-A2C,ma_a2c,44,15,0.6581053511914411
MA-A2C,ma_a2c,44,16,0.6546950807206761
MA-A2C,ma_a2c,44,17,0.6831259115145774
MA-A2C,ma_a2c,44,18,0.7076212599593973
MA-A2C,ma_a2c,44,19,0.6509491871699026
MA-A2C,ma_a2c,44,20,0.6956234677572494
MA-A2C,ma_a2c,44,21,0.7155559026985476
MA-A2C,ma_a2c,44,22,0.7295573154758176
MA-A2C,ma_a2c,44,23,0.6821435063008028
MA-A2C,ma_a2c,44,24,0.6731781630475223
MA-A2C,ma_a2c,44,25,0.6838939537153286
MA-A2C,ma_a2c,44,26,0.6989904479119532
MA-A2C,ma_a2c,44,27,0.705178590002429
MA-A2C,ma_a2c,44,28,0.6603499406212359
MA-A2C,ma_a2c,44,29,0.6759226842215746
MA-A2C,ma_a2c,44,30,0.7570471346158035
MA-A2C,ma_a2c,44,31,0.6957953501013622
MA-A2C,ma_a2c,44,32,0.6837481498783625
MA-A2C,ma_a2c,44,33,0.6779776866689288
MA-A2C,ma_a2c,44,34,0.7282420813746091
MA-A2C,ma_a2c,44,35,0.6720962736748902
MA-A2C,ma_a2c,44,36,0.6915896220337381
MA-A2C,ma_a2c,44,37,0.7224605466440883
MA-A2C,ma_a2c,44,38,0.7207223563124038
MA-A2C,ma_a2c,44,39,0.719212711176756
MA-A2C,ma_a2c,44,40,0.6815748910609618
MA-A2C,ma_a2c,44,41,0.6937925420283202
MA-A2C,ma_a2c,44,42,0.6952567099737398
MA-A2C,ma_a2c,44,43,0.7231820869032753
MA-A2C,ma_a2c,44,44,0.6989575681107987
MA-A2C,ma_a2c,44,45,0.6739850351102431
MA-A2C,ma_a2c,44,46,0.657267655622752
MA-A2C,ma_a2c,44,47,0.711129024154486
MA-A2C,ma_a2c,44,48,0.7308700998794602
MA-A2C,ma_a2c,44,49,0.7090354597281527
MA-A2C,ma_a2c,44,50,0.6575041314711119
MA-A2C,ma_a2c,44,51,0.6712575675242443
MA-A2C,ma_a2c,44,52,0.6714654943973795
MA-A2C,ma_a2c,44,53,0.7033260479622555
MA-A2C,ma_a2c,44,54,0.6838522275982505
MA-A2C,ma_a2c,44,55,0.7077411798481889
MA-A2C,ma_a2c,44,56,0.7040791330200042
MA-A2C,ma_a2c,44,57,0.6833375360197558
MA-A2C,ma_a2c,44,58,0.6711148918394826
MA-A2C,ma_a2c,44,59,0.6961728356029564
MA-A2C,ma_a2c,44,60,0.736866380741124
MA-A2C,ma_a2c,44,61,0.6521370184108897
MA-A2C,ma_a2c,44,62,0.7021294507061996
MA-A2C,ma_a2c,44,63,0.6774922483862071
MA-A2C,ma_a2c,44,64,0.6674280148270376
MA-A2C,ma_a2c,44,65,0.6896183184302486
MA-A2C,ma_a2c,44,66,0.7084804401024598
MA-A2C,ma_a2c,44,67,0.6764937447839593
MA-A2C,ma_a2c,44,68,0.6862542797915233
MA-A2C,ma_a2c,44,69,0.6905001152484788
MA-A2C,ma_a2c,44,70,0.6599291737077473
MA-A2C,ma_a2c,44,71,0.6894963812529195
MA-A2C,ma_a2c,44,72,0.6911985356631399
MA-A2C,ma_a2c,44,73,0.697507226890539
MA-A2C,ma_a2c,44,74,0.7063771846792299
MA-A2C,ma_a2c,44,75,0.7153044690320446
MA-A2C,ma_a2c,44,76,0.6886665830065188
MA-A2C,ma_a2c,44,77,0.7047834573480561
MA-A2C,ma_a2c,44,78,0.7088624654808643
MA-A2C,ma_a2c,44,79,0.7083002348371106
Ours,ours,42,0,0.7587020089411265
Ours,ours,42,1,0.7410554955863439
Ours,ours,42,2,0.7641477446966974
Ours,ours,42,3,0.7373136075306524
Ours,ours,42,4,0.7345049982233287
Ours,ours,42,5,0.7152421655122824
Ours,ours,42,6,0.7445711263517211
Ours,ours,42,7,0.7752624703945487
Ours,ours,42,8,0.7779451413946042
Ours,ours,42,9,0.7729388154622006
Ours,ours,42,10,0.7268617361756603
Ours,ours,42,11,0.7588756286968276
Ours,ours,42,12,0.7125035259398801
Ours,ours,42,13,0.7331162764895491
Ours,ours,42,14,0.7675226106526989
Ours,ours,42,15,0.7252743964186213
Ours,ours,42,16,0.7198517778978409
Ours,ours,42,17,0.7540157870891805
Ours,ours,42,18,0.7722328989271044
Ours,ours,42,19,0.7164070194797155
Ours,ours,42,20,0.7610377333360939
Ours,ours,42,21,0.7805794082239668
Ours,ours,42,22,0.7966077198799315
Ours,ours,42,23,0.7485326353682726
Ours,ours,42,24,0.7405839399175009
Ours,ours,42,25,0.7497937046293619
Ours,ours,42,26,0.7677289239324698
Ours,ours,42,27,0.7696965186502444
Ours,ours,42,28,0.7289168956387028
Ours,ours,42,29,0.7432586685146764
Ours,ours,42,30,0.8241904447634473
Ours,ours,42,31,0.7622168808341264
Ours,ours,42,32,0.7495654478897864
Ours,ours,42,33,0.748381393709353
Ours,ours,42,34,0.7975042461451498
Ours,ours,42,35,0.7403416701005539
Ours,ours,42,36,0.7624712343104245
Ours,ours,42,37,0.787209239076826
Ours,ours,42,38,0.7871543508230132
Ours,ours,42,39,0.7887658777050478
Ours,ours,42,40,0.7515352332921511
Ours,ours,42,41,0.7654254743953885
Ours,ours,42,42,0.7609371975295255
Ours,ours,42,43,0.7897525199500187
Ours,ours,42,44,0.7663575721627612
Ours,ours,42,45,0.7401683036954219
Ours,ours,42,46,0.7212640597533109
Ours,ours,42,47,0.7785873984261364
Ours,ours,42,48,0.7951476625878732
Ours,ours,42,49,0.7755200955318972
Ours,ours,42,50,0.7240944837602684
Ours,ours,42,51,0.7364924356634085
Ours,ours,42,52,0.7393286763920409
Ours,ours,42,53,0.7696943169992891
Ours,ours,42,54,0.7513448263762514
Ours,ours,42,55,0.7738265026629457
Ours,ours,42,56,0.7708150351395486
Ours,ours,42,57,0.7535682918874942
Ours,ours,42,58,0.7365796539693493
Ours,ours,42,59,0.7646662765596939
Ours,ours,42,60,0.8042718781941482
Ours,ours,42,61,0.7185098955444068
Ours,ours,42,62,0.7669914350367046
Ours,ours,42,63,0.7473411729387456
Ours,ours,42,64,0.7391468352784186
Ours,ours,42,65,0.758883786133776
Ours,ours,42,66,0.776513577672054
Ours,ours,42,67,0.7413759142458575
Ours,ours,42,68,0.7547610325784331
Ours,ours,42,69,0.7588731727704421
Ours,ours,42,70,0.7274583145548096
Ours,ours,42,71,0.7545464779447286
Ours,ours,42,72,0.7565660752528152
Ours,ours,42,73,0.7654844411520274
Ours,ours,42,74,0.7767553979119002
Ours,ours,42,75,0.7797816871033448
Ours,ours,42,76,0.7528760923666584
Ours,ours,42,77,0.7714218323218794
Ours,ours,42,78,0.7749487388466386
Ours,ours,42,79,0.7743159378589547
Ours,ours,43,0,0.7740138187617934
Ours,ours,43,1,0.7546996107828845
Ours,ours,43,2,0.7778608008145054
Ours,ours,43,3,0.75243046065862
Ours,ours,43,4,0.7503753753024236
Ours,ours,43,5,0.7311991148238689
Ours,ours,43,6,0.760473980504586
Ours,ours,43,7,0.7887753509195077
Ours,ours,43,8,0.7904166099558729
Ours,ours,43,9,0.7865042686132866
Ours,ours,43,10,0.7421974794333047
Ours,ours,43,11,0.7730080824683606
Ours,ours,43,12,0.7266558676283393
Ours,ours,43,13,0.7477246498230494
Ours,ours,43,14,0.7816193951363536
Ours,ours,43,15,0.740135975841603
Ours,ours,43,16,0.7348762701109735
Ours,ours,43,17,0.7673304411799227
Ours,ours,43,18,0.786501974804897
Ours,ours,43,19,0.7304235032879133
Ours,ours,43,20,0.7760973776393522
Ours,ours,43,21,0.7946455972637174
Ours,ours,43,22,0.8103116328922175
Ours,ours,43,23,0.7618432017266772
Ours,ours,43,24,0.7544462948620432
Ours,ours,43,25,0.7635647746125451
Ours,ours,43,26,0.7822731305548243
Ours,ours,43,27,0.7842503778081827
Ours,ours,43,28,0.7429405910451793
Ours,ours,43,29,0.7566555596245387
Ours,ours,43,30,0.8375572330466545
Ours,ours,43,31,0.7763998106063235
Ours,ours,43,32,0.7634624558348483
Ours,ours,43,33,0.7615610287111022
Ours,ours,43,34,0.8111885398214453
Ours,ours,43,35,0.7540376621657435
Ours,ours,43,36,0.7765087700293141
Ours,ours,43,37,0.8009473020306696
Ours,ours,43,38,0.8021264819020991
Ours,ours,43,39,0.8031886037154997
Ours,ours,43,40,0.7653252785582223
Ours,ours,43,41,0.7771949698397183
Ours,ours,43,42,0.7763454960201064
Ours,ours,43,43,0.8031722184333857
Ours,ours,43,44,0.7804441069393452
Ours,ours,43,45,0.7540838119229873
Ours,ours,43,46,0.7352350281294913
Ours,ours,43,47,0.7922093653557816
Ours,ours,43,48,0.809349238497087
Ours,ours,43,49,0.7888088024475862
Ours,ours,43,50,0.7386437927634165
Ours,ours,43,51,0.7485190544930633
Ours,ours,43,52,0.754282081419215
Ours,ours,43,53,0.7830957460034726
Ours,ours,43,54,0.7666919796867828
Ours,ours,43,55,0.7875974375114263
Ours,ours,43,56,0.7847373549515116
Ours,ours,43,57,0.7664219843636049
Ours,ours,43,58,0.7503014988040536
Ours,ours,43,59,0.7786974675631949
Ours,ours,43,60,0.8173073263358482
Ours,ours,43,61,0.7338232522344768
Ours,ours,43,62,0.7813467312904512
Ours,ours,43,63,0.7605515137192492
Ours,ours,43,64,0.7532935920208709
Ours,ours,43,65,0.7714346781687927
Ours,ours,43,66,0.7904963840005783
Ours,ours,43,67,0.7536120031976196
Ours,ours,43,68,0.7684948529195009
Ours,ours,43,69,0.773659185490729
Ours,ours,43,70,0.7413336694065096
Ours,ours,43,71,0.7686405902572678
Ours,ours,43,72,0.7703918432534868
Ours,ours,43,73,0.7806134395586034
Ours,ours,43,74,0.7912196142201565
Ours,ours,43,75,0.7936569132468924
Ours,ours,43,76,0.7668411741649441
Ours,ours,43,77,0.7855276065259967
Ours,ours,43,78,0.7895651892826877
Ours,ours,43,79,0.7879767109288808
Ours,ours,44,0,0.7697298336172254
Ours,ours,44,1,0.7503489330126855
Ours,ours,44,2,0.7738731884333228
Ours,ours,44,3,0.7496982283410542
Ours,ours,44,4,0.7466164537295888
Ours,ours,44,5,0.727695614638312
Ours,ours,44,6,0.758356186654675
Ours,ours,44,7,0.7843496280499312
Ours,ours,44,8,0.7859452682393583
Ours,ours,44,9,0.7819626049367273
Ours,ours,44,10,0.7394917378505264
Ours,ours,44,11,0.7693729481897359
Ours,ours,44,12,0.7233444790234985
Ours,ours,44,13,0.7447120856643238
Ours,ours,44,14,0.7779612560462832
Ours,ours,44,15,0.7372455318366208
Ours,ours,44,16,0.7316559602714678
Ours,ours,44,17,0.7638929834749254
Ours,ours,44,18,0.7832830495270596
Ours,ours,44,19,0.7271056873802217
Ours,ours,44,20,0.7735117801782617
Ours,ours,44,21,0.7913202778549135
Ours,ours,44,22,0.8069631405798715
Ours,ours,44,23,0.758551771546068
Ours,ours,44,24,0.7501741920917873
Ours,ours,44,25,0.7598344846740117
Ours,ours,44,26,0.779061558825846
Ours,ours,44,27,0.7809766888049449
Ours,ours,44,28,0.739094149863962
Ours,ours,44,29,0.7524845249372909
Ours,ours,44,30,0.8329073701610042
Ours,ours,44,31,0.7726118565213034
Ours,ours,44,32,0.7605785245143349
Ours,ours,44,33,0.7576003866597573
Ours,ours,44,34,0.8074913176605875
Ours,ours,44,35,0.7505711868925704
Ours,ours,44,36,0.7728827521895545
Ours,ours,44,37,0.7973928503830127
Ours,ours,44,38,0.799781316245062
Ours,ours,44,39,0.8001036301052796
Ours,ours,44,40,0.7620986008581964
Ours,ours,44,41,0.7731357863517028
Ours,ours,44,42,0.773850554754451
Ours,ours,44,43,0.7995648179775464
Ours,ours,44,44,0.7775877054271563
Ours,ours,44,45,0.7503717622108679
Ours,ours,44,46,0.7318068447558204
Ours,ours,44,47,0.7889814037795216
Ours,ours,44,48,0.8059429647811897
Ours,ours,44,49,0.784955099183697
Ours,ours,44,50,0.7359915017296712
Ours,ours,44,51,0.743794290814506
Ours,ours,44,52,0.7510426769659985
Ours,ours,44,53,0.7795561800044213
Ours,ours,44,54,0.7638260002226764
Ours,ours,44,55,0.7846183113863876
Ours,ours,44,56,0.7808613918561411
Ours,ours,44,57,0.7629613483285459
Ours,ours,44,58,0.7467018002296155
Ours,ours,44,59,0.7754000652132862
Ours,ours,44,60,0.8143783088469834
Ours,ours,44,61,0.7310619638608001
Ours,ours,44,62,0.7780159600139731
Ours,ours,44,63,0.7562886980727139
Ours,ours,44,64,0.7501894391356421
Ours,ours,44,65,0.767682927140743
Ours,ours,44,66,0.7874884994613313
Ours,ours,44,67,0.7484782410455633
Ours,ours,44,68,0.76469028773809
Ours,ours,44,69,0.7712669824100972
Ours,ours,44,70,0.7378792482567822
Ours,ours,44,71,0.7644390868455054
Ours,ours,44,72,0.7670617054133532
Ours,ours,44,73,0.7779898467928723
Ours,ours,44,74,0.7881758902788799
Ours,ours,44,75,0.7900663548891057
Ours,ours,44,76,0.7630516132450496
Ours,ours,44,77,0.7823504430039523
Ours,ours,44,78,0.7873101090333552
Ours,ours,44,79,0.7840578915258971
