algorithm,seed,training_episode,env_steps,return_value
Cent-PPO,42,,1000,6.735767005309755
Cent-PPO,42,,2000,7.692989744586404
Cent-PPO,42,,3000,9.282551142362022
Cent-PPO,42,,4000,9.939991325283223
Cent-PPO,42,,5000,10.488972356008842
Cent-PPO,42,,6000,11.209150851162638
Cent-PPO,42,,7000,12.100105632156971
Cent-PPO,42,,8000,13.061323543598965
Cent-PPO,42,,9000,13.923553909057723
Cent-PPO,42,,10000,14.92464364964234
Cent-PPO,42,,11000,15.744915428612154
Cent-PPO,42,,12000,16.736694138295096
Cent-PPO,42,,13000,17.56284350773304
Cent-PPO,42,,14000,18.40056681601322
Cent-PPO,42,,15000,19.434239393882525
Cent-PPO,42,,16000,20.33807696338045
Cent-PPO,42,,17000,21.27134845570606
Cent-PPO,42,,18000,22.24140762108184
Cent-PPO,42,,19000,23.38370385681683
Cent-PPO,42,,20000,24.37151845755935
Cent-PPO,42,,21000,26.30410565629104
Cent-PPO,42,,22000,28.356032295456288
Cent-PPO,42,,23000,30.090830009499985
Cent-PPO,42,,24000,32.136937210658544
Cent-PPO,42,,25000,34.258331436692046
Cent-PPO,42,,26000,36.39690486131888
Cent-PPO,42,,27000,38.48140825018108
Cent-PPO,42,,28000,40.73585020776547
Cent-PPO,42,,29000,42.90264831019895
Cent-PPO,42,,30000,45.02777300705936
Cent-PPO,42,,31000,47.20442759078173
Cent-PPO,42,,32000,49.33073745213464
Cent-PPO,42,,33000,51.57140928512458
Cent-PPO,42,,34000,53.83819530770585
Cent-PPO,42,,35000,55.882492746637865
Cent-PPO,42,,36000,57.95978674972431
Cent-PPO,42,,37000,59.98580474873333
Cent-PPO,42,,38000,61.9826354045925
Cent-PPO,42,,39000,63.75002177137697
Cent-PPO,42,,40000,65.63753090483029
Cent-PPO,42,,41000,67.42487948607695
Cent-PPO,42,,42000,69.08084836080533
Cent-PPO,42,,43000,70.90593691236059
Cent-PPO,42,,44000,72.47928001108484
Cent-PPO,42,,45000,73.96939678757744
Cent-PPO,42,,46000,75.2969797563649
Cent-PPO,42,,47000,76.65549664375466
Cent-PPO,42,,48000,77.7203682145648
Cent-PPO,42,,49000,78.87433883114281
Cent-PPO,42,,50000,79.88217171629915
Cent-PPO,42,,51000,80.86701348547501
Cent-PPO,42,,52000,81.7494235981845
Cent-PPO,42,,53000,82.50075935957966
Cent-PPO,42,,54000,83.22011612256682
Cent-PPO,42,,55000,83.93920495764687
Cent-PPO,42,,56000,84.61558155343859
Cent-PPO,42,,57000,85.28206624602443
Cent-PPO,42,,58000,85.8262926388164
Cent-PPO,42,,59000,86.34045592485026
Cent-PPO,42,,60000,86.80729112416951
Cent-PPO,42,,61000,87.31281201699662
Cent-PPO,42,,62000,87.68099546058674
Cent-PPO,42,,63000,88.02441706464626
Cent-PPO,42,,64000,88.37425116117852
Cent-PPO,42,,65000,88.6978754649857
Cent-PPO,42,,66000,89.01136808420648
Cent-PPO,42,,67000,89.32152901469661
Cent-PPO,42,,68000,89.64671370466021
Cent-PPO,42,,69000,89.884568232566
Cent-PPO,42,,70000,90.14023608988674
Cent-PPO,42,,71000,90.4016977094358
Cent-PPO,42,,72000,90.61921686034904
Cent-PPO,42,,73000,90.90679504018745
Cent-PPO,42,,74000,91.05653850332423
Cent-PPO,42,,75000,91.2302678478799
Cent-PPO,42,,76000,91.47708731786844
Cent-PPO,42,,77000,91.65452394709702
Cent-PPO,42,,78000,91.83260613566272
Cent-PPO,42,,79000,92.06256012549272
Cent-PPO,42,,80000,92.25207721263592
Cent-PPO,42,,81000,92.37056067523544
Cent-PPO,42,,82000,92.54621824502122
Cent-PPO,42,,83000,92.73824709986891
Cent-PPO,42,,84000,92.87417364513676
Cent-PPO,42,,85000,93.01505369995152
Cent-PPO,42,,86000,93.21820213642027
Cent-PPO,42,,87000,93.31947530742086
Cent-PPO,42,,88000,93.4016663144519
Cent-PPO,42,,89000,93.54757445188632
Cent-PPO,42,,90000,93.66975551612737
Cent-PPO,42,,91000,93.77350773059725
Cent-PPO,42,,92000,93.93529724249149
Cent-PPO,42,,93000,94.04392669171766
Cent-PPO,42,,94000,94.23139589581434
Cent-PPO,42,,95000,94.37674091850958
Cent-PPO,42,,96000,94.44015336318976
Cent-PPO,42,,97000,94.567329060079
Cent-PPO,42,,98000,94.70430541910622
Cent-PPO,42,,99000,94.75895958789664
Cent-PPO,42,,100000,94.87750027555802
Cent-PPO,42,,101000,95.01392301615434
Cent-PPO,42,,102000,95.16547647785843
Cent-PPO,42,,103000,95.2655783216172
Cent-PPO,42,,104000,95.38745342895092
Cent-PPO,42,,105000,95.52620893685533
Cent-PPO,42,,106000,95.67561049196895
Cent-PPO,42,,107000,95.7945732886
Cent-PPO,42,,108000,95.92830112168838
Cent-PPO,42,,109000,96.06768895791144
Cent-PPO,42,,110000,96.23790191962232
Cent-PPO,42,,111000,96.36698479884956
Cent-PPO,42,,112000,96.47912073565104
Cent-PPO,42,,113000,96.60767947919152
Cent-PPO,42,,114000,96.7345258954796
Cent-PPO,42,,115000,96.8113084732026
Cent-PPO,42,,116000,96.91067255245652
Cent-PPO,42,,117000,96.98717238023065
Cent-PPO,42,,118000,97.07431569361624
Cent-PPO,42,,119000,97.2170733433407
Cent-PPO,42,,120000,97.29210083508536
Cent-PPO,42,,121000,97.37680072842528
Cent-PPO,42,,122000,97.4451053207792
Cent-PPO,42,,123000,97.5428354849558
Cent-PPO,42,,124000,97.66040928183332
Cent-PPO,42,,125000,97.74145868780138
Cent-PPO,42,,126000,97.8242859845604
Cent-PPO,42,,127000,97.9414087025545
Cent-PPO,42,,128000,98.0263691645636
Cent-PPO,42,,129000,98.08297108330292
Cent-PPO,42,,130000,98.14607143756416
Cent-PPO,42,,131000,98.22331018075045
Cent-PPO,42,,132000,98.30207109120688
Cent-PPO,42,,133000,98.36058894827684
Cent-PPO,42,,134000,98.39811134108056
Cent-PPO,42,,135000,98.52798478726216
Cent-PPO,42,,136000,98.63490224733728
Cent-PPO,42,,137000,98.7266440142353
Cent-PPO,42,,138000,98.83277830228408
Cent-PPO,42,,139000,98.90799662052706
Cent-PPO,42,,140000,98.98160160972697
Cent-PPO,42,,141000,99.04290162416326
Cent-PPO,42,,142000,99.14266852799886
Cent-PPO,42,,143000,99.21285066179912
Cent-PPO,42,,144000,99.27423196720424
Cent-PPO,42,,145000,99.3599272110948
Cent-PPO,42,,146000,99.42168929157054
Cent-PPO,42,,147000,99.47478949727532
Cent-PPO,42,,148000,99.58071543290816
Cent-PPO,42,,149000,99.68794776216592
Cent-PPO,42,,150000,99.77429221565136
Cent-PPO,42,,151000,99.8820627015496
Cent-PPO,42,,152000,99.972920417318
Cent-PPO,42,,153000,100.0948108441946
Cent-PPO,42,,154000,100.1772671667356
Cent-PPO,42,,155000,100.26617624641528
Cent-PPO,42,,156000,100.34189453139751
Cent-PPO,42,,157000,100.44142539582091
Cent-PPO,42,,158000,100.52066570870544
Cent-PPO,42,,159000,100.6123184174535
Cent-PPO,42,,160000,100.6878938667724
Cent-PPO,42,,161000,100.84634425921487
Cent-PPO,42,,162000,100.9320945206398
Cent-PPO,42,,163000,101.04656549091376
Cent-PPO,42,,164000,101.11090382521824
Cent-PPO,42,,165000,101.19291211881388
Cent-PPO,42,,166000,101.30920224589732
Cent-PPO,42,,167000,101.42279029261871
Cent-PPO,42,,168000,101.51811831478255
Cent-PPO,42,,169000,101.56414642745048
Cent-PPO,42,,170000,101.62158047787024
Cent-PPO,42,,171000,101.7089523534267
Cent-PPO,42,,172000,101.7899378628186
Cent-PPO,42,,173000,101.8517213476323
Cent-PPO,42,,174000,101.9223848823269
Cent-PPO,42,,175000,101.955435959339
Cent-PPO,42,,176000,102.04596771955816
Cent-PPO,42,,177000,102.13016233245222
Cent-PPO,42,,178000,102.19067281304535
Cent-PPO,42,,179000,102.21739983603898
Cent-PPO,42,,180000,102.29844752265234
Cent-PPO,42,,181000,102.30808530278308
Cent-PPO,42,,182000,102.36679863617358
Cent-PPO,42,,183000,102.39096557819887
Cent-PPO,42,,184000,102.42690520899346
Cent-PPO,42,,185000,102.46288542786704
Cent-PPO,42,,186000,102.4480626642459
Cent-PPO,42,,187000,102.42648743280937
Cent-PPO,42,,188000,102.41614740280735
Cent-PPO,42,,189000,102.48888131928238
Cent-PPO,42,,190000,102.556590901172
Cent-PPO,42,,191000,102.54963154411227
Cent-PPO,42,,192000,102.57692516481848
Cent-PPO,42,,193000,102.59599874452212
Cent-PPO,42,,194000,102.62202214560337
Cent-PPO,42,,195000,102.65997858395563
Cent-PPO,42,,196000,102.66941427237268
Cent-PPO,42,,197000,102.64404418210138
Cent-PPO,42,,198000,102.63292020255696
Cent-PPO,42,,199000,102.71089356002538
Cent-PPO,42,,200000,102.74739835822288
Cent-PPO,43,,1000,7.136461798389689
Cent-PPO,43,,2000,7.518439559336519
Cent-PPO,43,,3000,8.403305143608598
Cent-PPO,43,,4000,9.447265476714806
Cent-PPO,43,,5000,10.409367962183792
Cent-PPO,43,,6000,11.584833931642576
Cent-PPO,43,,7000,12.353258120712685
Cent-PPO,43,,8000,13.240303416694667
Cent-PPO,43,,9000,14.269739119008326
Cent-PPO,43,,10000,15.292964290698912
Cent-PPO,43,,11000,16.18605763360687
Cent-PPO,43,,12000,17.34326193417493
Cent-PPO,43,,13000,18.296809734802324
Cent-PPO,43,,14000,19.327427173125425
Cent-PPO,43,,15000,20.233048438604524
Cent-PPO,43,,16000,21.1606359497312
Cent-PPO,43,,17000,22.133764018236363
Cent-PPO,43,,18000,23.111614729106183
Cent-PPO,43,,19000,24.055495648542493
Cent-PPO,43,,20000,25.03245511008167
Cent-PPO,43,,21000,26.86962709021312
Cent-PPO,43,,22000,28.792930164530794
Cent-PPO,43,,23000,30.81513899997231
Cent-PPO,43,,24000,32.92408719627213
Cent-PPO,43,,25000,34.991158619233445
Cent-PPO,43,,26000,36.999519221045546
Cent-PPO,43,,27000,39.17326083779462
Cent-PPO,43,,28000,41.29906077785127
Cent-PPO,43,,29000,43.37252469772314
Cent-PPO,43,,30000,45.47810110733179
Cent-PPO,43,,31000,47.56563639347578
Cent-PPO,43,,32000,49.4868001877365
Cent-PPO,43,,33000,51.47009382403349
Cent-PPO,43,,34000,53.42837311128105
Cent-PPO,43,,35000,55.46006555308157
Cent-PPO,43,,36000,57.46781521670848
Cent-PPO,43,,37000,59.44182060634204
Cent-PPO,43,,38000,61.3336008259451
Cent-PPO,43,,39000,63.13008025218245
Cent-PPO,43,,40000,64.87567082092087
Cent-PPO,43,,41000,66.6924889427137
Cent-PPO,43,,42000,68.41112234920824
Cent-PPO,43,,43000,69.93368956660585
Cent-PPO,43,,44000,71.34309816017523
Cent-PPO,43,,45000,72.68480775858015
Cent-PPO,43,,46000,74.01682815307655
Cent-PPO,43,,47000,75.25071213266688
Cent-PPO,43,,48000,76.46572975939247
Cent-PPO,43,,49000,77.60644602012718
Cent-PPO,43,,50000,78.60250613792749
Cent-PPO,43,,51000,79.63148773286201
Cent-PPO,43,,52000,80.55309379582242
Cent-PPO,43,,53000,81.41432806877953
Cent-PPO,43,,54000,82.24637317490784
Cent-PPO,43,,55000,82.97362926321271
Cent-PPO,43,,56000,83.64038945650776
Cent-PPO,43,,57000,84.27782659218622
Cent-PPO,43,,58000,84.85189369412649
Cent-PPO,43,,59000,85.45917183734149
Cent-PPO,43,,60000,85.95786476664769
Cent-PPO,43,,61000,86.44717821957542
Cent-PPO,43,,62000,86.92069227762302
Cent-PPO,43,,63000,87.43015162641638
Cent-PPO,43,,64000,87.86016204794863
Cent-PPO,43,,65000,88.28765976195817
Cent-PPO,43,,66000,88.63955566786848
Cent-PPO,43,,67000,88.99684360437016
Cent-PPO,43,,68000,89.26714168682726
Cent-PPO,43,,69000,89.50148231934881
Cent-PPO,43,,70000,89.74568466817267
Cent-PPO,43,,71000,89.92290053341353
Cent-PPO,43,,72000,90.16592818773182
Cent-PPO,43,,73000,90.45537776835094
Cent-PPO,43,,74000,90.7066372277872
Cent-PPO,43,,75000,90.94446761064782
Cent-PPO,43,,76000,91.20568263137966
Cent-PPO,43,,77000,91.40966002957217
Cent-PPO,43,,78000,91.56365685509763
Cent-PPO,43,,79000,91.81147367507452
Cent-PPO,43,,80000,92.10156731087623
Cent-PPO,43,,81000,92.342897962209
Cent-PPO,43,,82000,92.50243873781048
Cent-PPO,43,,83000,92.64170611292911
Cent-PPO,43,,84000,92.77817171889843
Cent-PPO,43,,85000,92.94613773843524
Cent-PPO,43,,86000,93.10960919080034
Cent-PPO,43,,87000,93.22893626955022
Cent-PPO,43,,88000,93.413758523796
Cent-PPO,43,,89000,93.5628147157903
Cent-PPO,43,,90000,93.7535088791941
Cent-PPO,43,,91000,93.94825063786584
Cent-PPO,43,,92000,94.10412362265669
Cent-PPO,43,,93000,94.233931608428
Cent-PPO,43,,94000,94.31115709359035
Cent-PPO,43,,95000,94.48054309190468
Cent-PPO,43,,96000,94.597572690316
Cent-PPO,43,,97000,94.70599977422506
Cent-PPO,43,,98000,94.91182238662434
Cent-PPO,43,,99000,95.0145298266119
Cent-PPO,43,,100000,95.12866885676996
Cent-PPO,43,,101000,95.2340090235592
Cent-PPO,43,,102000,95.40430003128564
Cent-PPO,43,,103000,95.51977980870008
Cent-PPO,43,,104000,95.63710529272925
Cent-PPO,43,,105000,95.78072309286983
Cent-PPO,43,,106000,95.89033316296872
Cent-PPO,43,,107000,96.04207911762155
Cent-PPO,43,,108000,96.15051856850096
Cent-PPO,43,,109000,96.31427241236376
Cent-PPO,43,,110000,96.45782944666549
Cent-PPO,43,,111000,96.62388325090387
Cent-PPO,43,,112000,96.77969669988624
Cent-PPO,43,,113000,96.89359063499354
Cent-PPO,43,,114000,97.02739608405822
Cent-PPO,43,,115000,97.15329695004394
Cent-PPO,43,,116000,97.3014211039019
Cent-PPO,43,,117000,97.4331400686757
Cent-PPO,43,,118000,97.54211641986592
Cent-PPO,43,,119000,97.67715202292044
Cent-PPO,43,,120000,97.79010372434595
Cent-PPO,43,,121000,97.9252209938285
Cent-PPO,43,,122000,98.0426435056489
Cent-PPO,43,,123000,98.18421167862574
Cent-PPO,43,,124000,98.3267022951128
Cent-PPO,43,,125000,98.48961198865264
Cent-PPO,43,,126000,98.64857126439358
Cent-PPO,43,,127000,98.73173895308383
Cent-PPO,43,,128000,98.86694917280887
Cent-PPO,43,,129000,98.99013400012733
Cent-PPO,43,,130000,99.13347660237244
Cent-PPO,43,,131000,99.24613709323
Cent-PPO,43,,132000,99.41194107315116
Cent-PPO,43,,133000,99.59314457960652
Cent-PPO,43,,134000,99.71356979770076
Cent-PPO,43,,135000,99.82292462765366
Cent-PPO,43,,136000,99.9314447653178
Cent-PPO,43,,137000,100.04715408407904
Cent-PPO,43,,138000,100.21345091520816
Cent-PPO,43,,139000,100.33482632774589
Cent-PPO,43,,140000,100.43990787280286
Cent-PPO,43,,141000,100.54826704336143
Cent-PPO,43,,142000,100.68281154253351
Cent-PPO,43,,143000,100.81496004109452
Cent-PPO,43,,144000,100.9213108204465
Cent-PPO,43,,145000,100.98694615953949
Cent-PPO,43,,146000,101.0923187615524
Cent-PPO,43,,147000,101.21109743194428
Cent-PPO,43,,148000,101.27229111782866
Cent-PPO,43,,149000,101.39185672829376
Cent-PPO,43,,150000,101.44923995055076
Cent-PPO,43,,151000,101.53284119773204
Cent-PPO,43,,152000,101.58065146611294
Cent-PPO,43,,153000,101.69986578044688
Cent-PPO,43,,154000,101.78997359237414
Cent-PPO,43,,155000,101.87805921428236
Cent-PPO,43,,156000,101.94769949896596
Cent-PPO,43,,157000,102.03066339201962
Cent-PPO,43,,158000,102.10640334916144
Cent-PPO,43,,159000,102.20152131887326
Cent-PPO,43,,160000,102.31181433831054
Cent-PPO,43,,161000,102.3945048914826
Cent-PPO,43,,162000,102.48483082831083
Cent-PPO,43,,163000,102.57683586006772
Cent-PPO,43,,164000,102.64981092910196
Cent-PPO,43,,165000,102.74146919837344
Cent-PPO,43,,166000,102.78782152833648
Cent-PPO,43,,167000,102.89465472489933
Cent-PPO,43,,168000,103.03740009816458
Cent-PPO,43,,169000,103.10006569480274
Cent-PPO,43,,170000,103.19576255764936
Cent-PPO,43,,171000,103.3071691391513
Cent-PPO,43,,172000,103.35983179287436
Cent-PPO,43,,173000,103.388911477444
Cent-PPO,43,,174000,103.46576104735244
Cent-PPO,43,,175000,103.51914970830558
Cent-PPO,43,,176000,103.59188830713629
Cent-PPO,43,,177000,103.69988269202902
Cent-PPO,43,,178000,103.7410939802705
Cent-PPO,43,,179000,103.7420130014102
Cent-PPO,43,,180000,103.77833247769412
Cent-PPO,43,,181000,103.80163896920811
Cent-PPO,43,,182000,103.82201877123556
Cent-PPO,43,,183000,103.8409146164886
Cent-PPO,43,,184000,103.88371093607851
Cent-PPO,43,,185000,103.95791916253316
Cent-PPO,43,,186000,104.03661750202366
Cent-PPO,43,,187000,104.06816358000196
Cent-PPO,43,,188000,104.03241183754028
Cent-PPO,43,,189000,104.0379332780936
Cent-PPO,43,,190000,104.02318112164151
Cent-PPO,43,,191000,104.0118615664264
Cent-PPO,43,,192000,104.0452317238812
Cent-PPO,43,,193000,104.08226985432113
Cent-PPO,43,,194000,104.110823533704
Cent-PPO,43,,195000,104.16751867282797
Cent-PPO,43,,196000,104.170648673662
Cent-PPO,43,,197000,104.1644926915473
Cent-PPO,43,,198000,104.17844441979848
Cent-PPO,43,,199000,104.25249062600184
Cent-PPO,43,,200000,104.28967113591872
Cent-PPO,44,,1000,7.823780352904156
Cent-PPO,44,,2000,8.235429695740258
Cent-PPO,44,,3000,9.127047754126648
Cent-PPO,44,,4000,9.972049650449907
Cent-PPO,44,,5000,10.840079380787415
Cent-PPO,44,,6000,11.60415199704364
Cent-PPO,44,,7000,12.53890490268376
Cent-PPO,44,,8000,13.387453745463
Cent-PPO,44,,9000,14.333000649284536
Cent-PPO,44,,10000,15.250625125897766
Cent-PPO,44,,11000,16.17903498142422
Cent-PPO,44,,12000,17.155039986107692
Cent-PPO,44,,13000,18.11104100673872
Cent-PPO,44,,14000,19.00576974091027
Cent-PPO,44,,15000,19.95599098520676
Cent-PPO,44,,16000,20.903551413933293
Cent-PPO,44,,17000,21.89342006593216
Cent-PPO,44,,18000,22.79615623170084
Cent-PPO,44,,19000,23.924302690269418
Cent-PPO,44,,20000,24.93410934325748
Cent-PPO,44,,21000,26.822651743906345
Cent-PPO,44,,22000,28.85225132190418
Cent-PPO,44,,23000,30.87077623952232
Cent-PPO,44,,24000,32.88318750827236
Cent-PPO,44,,25000,34.94007447935862
Cent-PPO,44,,26000,37.1435851086904
Cent-PPO,44,,27000,39.269262318158205
Cent-PPO,44,,28000,41.51399737298257
Cent-PPO,44,,29000,43.77235466495424
Cent-PPO,44,,30000,45.83641315585035
Cent-PPO,44,,31000,47.98422503136722
Cent-PPO,44,,32000,50.141501342859286
Cent-PPO,44,,33000,52.266681587533576
Cent-PPO,44,,34000,54.46870536572406
Cent-PPO,44,,35000,56.595526641309625
Cent-PPO,44,,36000,58.70973157842461
Cent-PPO,44,,37000,60.75670735590236
Cent-PPO,44,,38000,62.78458590874411
Cent-PPO,44,,39000,64.61631835740873
Cent-PPO,44,,40000,66.51893923527783
Cent-PPO,44,,41000,68.36675539097779
Cent-PPO,44,,42000,70.06033791420914
Cent-PPO,44,,43000,71.73348722167682
Cent-PPO,44,,44000,73.27957861224473
Cent-PPO,44,,45000,74.80517413435176
Cent-PPO,44,,46000,76.15960826365271
Cent-PPO,44,,47000,77.48076360413582
Cent-PPO,44,,48000,78.65477266384308
Cent-PPO,44,,49000,79.7088389835598
Cent-PPO,44,,50000,80.88132713543573
Cent-PPO,44,,51000,81.88421685090636
Cent-PPO,44,,52000,82.78586148894927
Cent-PPO,44,,53000,83.6568578921606
Cent-PPO,44,,54000,84.36861384855003
Cent-PPO,44,,55000,85.11363459618171
Cent-PPO,44,,56000,85.80083050682151
Cent-PPO,44,,57000,86.43999525878102
Cent-PPO,44,,58000,87.1319277108581
Cent-PPO,44,,59000,87.69818364469769
Cent-PPO,44,,60000,88.18409626844063
Cent-PPO,44,,61000,88.65517367786656
Cent-PPO,44,,62000,89.11191159572815
Cent-PPO,44,,63000,89.4889266264474
Cent-PPO,44,,64000,89.95822423380223
Cent-PPO,44,,65000,90.28233517613306
Cent-PPO,44,,66000,90.58502362176424
Cent-PPO,44,,67000,90.89640174834123
Cent-PPO,44,,68000,91.2222208439434
Cent-PPO,44,,69000,91.51482601102224
Cent-PPO,44,,70000,91.83313616768518
Cent-PPO,44,,71000,92.12724020118652
Cent-PPO,44,,72000,92.39241607009436
Cent-PPO,44,,73000,92.62190312324336
Cent-PPO,44,,74000,92.87208864376136
Cent-PPO,44,,75000,93.0695518645851
Cent-PPO,44,,76000,93.25435772024824
Cent-PPO,44,,77000,93.4365038806723
Cent-PPO,44,,78000,93.50554117517204
Cent-PPO,44,,79000,93.66635292038526
Cent-PPO,44,,80000,93.860846134232
Cent-PPO,44,,81000,94.06819770617378
Cent-PPO,44,,82000,94.2534069609857
Cent-PPO,44,,83000,94.4484756681368
Cent-PPO,44,,84000,94.59056218280983
Cent-PPO,44,,85000,94.77648870380932
Cent-PPO,44,,86000,94.96099383561382
Cent-PPO,44,,87000,95.13418045905296
Cent-PPO,44,,88000,95.25525762517688
Cent-PPO,44,,89000,95.39966552124191
Cent-PPO,44,,90000,95.537339482058
Cent-PPO,44,,91000,95.6766057265411
Cent-PPO,44,,92000,95.78684846409102
Cent-PPO,44,,93000,95.93657921539685
Cent-PPO,44,,94000,96.09963276854398
Cent-PPO,44,,95000,96.26118053938882
Cent-PPO,44,,96000,96.39217939538436
Cent-PPO,44,,97000,96.52686742890884
Cent-PPO,44,,98000,96.72026046854872
Cent-PPO,44,,99000,96.8715945637587
Cent-PPO,44,,100000,96.9783360995616
Cent-PPO,44,,101000,97.0508381989363
Cent-PPO,44,,102000,97.15094238683048
Cent-PPO,44,,103000,97.2490556486313
Cent-PPO,44,,104000,97.37536575699907
Cent-PPO,44,,105000,97.52752173052224
Cent-PPO,44,,106000,97.62146378877988
Cent-PPO,44,,107000,97.7312037394696
Cent-PPO,44,,108000,97.81143846782588
Cent-PPO,44,,109000,97.93138579537894
Cent-PPO,44,,110000,98.04672136611576
Cent-PPO,44,,111000,98.1273960373846
Cent-PPO,44,,112000,98.22707058607142
Cent-PPO,44,,113000,98.32291437239655
Cent-PPO,44,,114000,98.42393449844576
Cent-PPO,44,,115000,98.52115497558438
Cent-PPO,44,,116000,98.63376025001708
Cent-PPO,44,,117000,98.7197892868722
Cent-PPO,44,,118000,98.81920519331224
Cent-PPO,44,,119000,98.8788105547224
Cent-PPO,44,,120000,98.98993877967372
Cent-PPO,44,,121000,99.1058848242844
Cent-PPO,44,,122000,99.22340709248532
Cent-PPO,44,,123000,99.27137525389884
Cent-PPO,44,,124000,99.35247124048776
Cent-PPO,44,,125000,99.42802340537588
Cent-PPO,44,,126000,99.52013947161883
Cent-PPO,44,,127000,99.6003722637261
Cent-PPO,44,,128000,99.72213011686377
Cent-PPO,44,,129000,99.78203568610432
Cent-PPO,44,,130000,99.83083156784988
Cent-PPO,44,,131000,99.90160171583656
Cent-PPO,44,,132000,99.99835539625344
Cent-PPO,44,,133000,100.10476125614515
Cent-PPO,44,,134000,100.20680919592256
Cent-PPO,44,,135000,100.24960879349608
Cent-PPO,44,,136000,100.30781616328848
Cent-PPO,44,,137000,100.35215236316796
Cent-PPO,44,,138000,100.416931166744
Cent-PPO,44,,139000,100.51249774584788
Cent-PPO,44,,140000,100.56559256674932
Cent-PPO,44,,141000,100.5747235102336
Cent-PPO,44,,142000,100.621900934156
Cent-PPO,44,,143000,100.74078818834592
Cent-PPO,44,,144000,100.82585011343338
Cent-PPO,44,,145000,100.8659808478118
Cent-PPO,44,,146000,100.92645357607294
Cent-PPO,44,,147000,100.95100354755608
Cent-PPO,44,,148000,100.97197740624622
Cent-PPO,44,,149000,101.04937570221858
Cent-PPO,44,,150000,101.09395080533068
Cent-PPO,44,,151000,101.13350099541208
Cent-PPO,44,,152000,101.2089721250744
Cent-PPO,44,,153000,101.22690180141872
Cent-PPO,44,,154000,101.2668870407245
Cent-PPO,44,,155000,101.3254726016169
Cent-PPO,44,,156000,101.36285645383336
Cent-PPO,44,,157000,101.41016816952256
Cent-PPO,44,,158000,101.42782625164725
Cent-PPO,44,,159000,101.43077236302028
Cent-PPO,44,,160000,101.43779693946136
Cent-PPO,44,,161000,101.5492609974404
Cent-PPO,44,,162000,101.60320263385388
Cent-PPO,44,,163000,101.61603984763242
Cent-PPO,44,,164000,101.62736724832902
Cent-PPO,44,,165000,101.6341741323074
Cent-PPO,44,,166000,101.6609202715134
Cent-PPO,44,,167000,101.7151508495066
Cent-PPO,44,,168000,101.7761990667029
Cent-PPO,44,,169000,101.75439261631372
Cent-PPO,44,,170000,101.77296173978988
Cent-PPO,44,,171000,101.83779061974724
Cent-PPO,44,,172000,101.80043895152032
Cent-PPO,44,,173000,101.7991081222042
Cent-PPO,44,,174000,101.78196547071155
Cent-PPO,44,,175000,101.75178808911564
Cent-PPO,44,,176000,101.79848642819869
Cent-PPO,44,,177000,101.88173853729928
Cent-PPO,44,,178000,101.8936569313148
Cent-PPO,44,,179000,101.9247476475216
Cent-PPO,44,,180000,101.95532735837229
Cent-PPO,44,,181000,101.9711144933338
Cent-PPO,44,,182000,101.94212897565274
Cent-PPO,44,,183000,101.97491547064568
Cent-PPO,44,,184000,101.97532381539536
Cent-PPO,44,,185000,101.97705409315547
Cent-PPO,44,,186000,101.96571988108263
Cent-PPO,44,,187000,101.94826848156674
Cent-PPO,44,,188000,101.91432137394924
Cent-PPO,44,,189000,101.94208431011118
Cent-PPO,44,,190000,101.9471763576019
Cent-PPO,44,,191000,101.9513730074137
Cent-PPO,44,,192000,101.990835475706
Cent-PPO,44,,193000,102.03068301236628
Cent-PPO,44,,194000,102.0582126138972
Cent-PPO,44,,195000,102.063180751848
Cent-PPO,44,,196000,102.06066903049336
Cent-PPO,44,,197000,102.00660879676272
Cent-PPO,44,,198000,101.99477692645918
Cent-PPO,44,,199000,101.98151928431643
Cent-PPO,44,,200000,101.98658059892132
MAPPO,42,,1000,41.14033483045553
MAPPO,42,,2000,52.16257746396121
MAPPO,42,,3000,62.56659229842328
MAPPO,42,,4000,71.64253097505411
MAPPO,42,,5000,79.37875098773765
MAPPO,42,,6000,88.12071226638747
MAPPO,42,,7000,97.5511231859813
MAPPO,42,,8000,106.70928776899127
MAPPO,42,,9000,115.56864805339836
MAPPO,42,,10000,124.0508961146648
MAPPO,42,,11000,132.22241213694628
MAPPO,42,,12000,140.33066304117847
MAPPO,42,,13000,148.25436209047882
MAPPO,42,,14000,156.0194425564977
MAPPO,42,,15000,163.87733629592486
MAPPO,42,,16000,171.41281510328648
MAPPO,42,,17000,179.00291186393335
MAPPO,42,,18000,185.970055415155
MAPPO,42,,19000,192.58244324712527
MAPPO,42,,20000,198.9289996095982
MAPPO,42,,21000,213.0156227209926
MAPPO,42,,22000,226.2199709327317
MAPPO,42,,23000,238.7009256685889
MAPPO,42,,24000,250.58855345629425
MAPPO,42,,25000,261.9659438595119
MAPPO,42,,26000,272.6278028847111
MAPPO,42,,27000,282.4171582443174
MAPPO,42,,28000,291.5443124653451
MAPPO,42,,29000,299.6727173658888
MAPPO,42,,30000,307.3798823738668
MAPPO,42,,31000,314.4233367837411
MAPPO,42,,32000,320.9740862367221
MAPPO,42,,33000,326.936869561576
MAPPO,42,,34000,332.3805669901325
MAPPO,42,,35000,336.93981184941583
MAPPO,42,,36000,341.18496742687887
MAPPO,42,,37000,344.5894153071586
MAPPO,42,,38000,347.9010117109563
MAPPO,42,,39000,350.7292112140905
MAPPO,42,,40000,353.47203540551834
MAPPO,42,,41000,355.982884653557
MAPPO,42,,42000,358.36628956163213
MAPPO,42,,43000,360.6154873256151
MAPPO,42,,44000,362.5957151178804
MAPPO,42,,45000,364.45835664472855
MAPPO,42,,46000,366.0601301057502
MAPPO,42,,47000,367.53202190970194
MAPPO,42,,48000,368.7938491893144
MAPPO,42,,49000,370.26678708886686
MAPPO,42,,50000,371.5992375587512
MAPPO,42,,51000,372.98064963408086
MAPPO,42,,52000,374.07052344218863
MAPPO,42,,53000,375.1108222560202
MAPPO,42,,54000,376.0469626867132
MAPPO,42,,55000,377.1544793666485
MAPPO,42,,56000,377.95251050841705
MAPPO,42,,57000,378.8966763716121
MAPPO,42,,58000,379.6607211544216
MAPPO,42,,59000,380.59349284791017
MAPPO,42,,60000,381.2669718141782
MAPPO,42,,61000,382.0959771737032
MAPPO,42,,62000,382.6700783653871
MAPPO,42,,63000,383.1578766563385
MAPPO,42,,64000,383.8120073754875
MAPPO,42,,65000,384.630183676109
MAPPO,42,,66000,385.17333440894106
MAPPO,42,,67000,385.829150672632
MAPPO,42,,68000,386.5768893974409
MAPPO,42,,69000,387.3318819802592
MAPPO,42,,70000,387.96839431698464
MAPPO,42,,71000,388.6390397072046
MAPPO,42,,72000,389.2047525038439
MAPPO,42,,73000,389.766060978591
MAPPO,42,,74000,390.2246244290181
MAPPO,42,,75000,390.64029703283495
MAPPO,42,,76000,391.2248337277371
MAPPO,42,,77000,391.6906895467725
MAPPO,42,,78000,392.1976931315216
MAPPO,42,,79000,392.7406453485262
MAPPO,42,,80000,393.251931312236
MAPPO,42,,81000,393.7557029672595
MAPPO,42,,82000,394.3360986165615
MAPPO,42,,83000,394.9188177059145
MAPPO,42,,84000,395.3630333360434
MAPPO,42,,85000,395.7705455823129
MAPPO,42,,86000,396.3517373981956
MAPPO,42,,87000,396.7956240401207
MAPPO,42,,88000,397.1087544499424
MAPPO,42,,89000,397.4967252279733
MAPPO,42,,90000,397.78684476742507
MAPPO,42,,91000,397.9697226730181
MAPPO,42,,92000,398.28811448251
MAPPO,42,,93000,398.57024945492566
MAPPO,42,,94000,399.036517720608
MAPPO,42,,95000,399.333215287356
MAPPO,42,,96000,399.4722604118084
MAPPO,42,,97000,399.75013243309337
MAPPO,42,,98000,400.0630193176639
MAPPO,42,,99000,400.1764652308826
MAPPO,42,,100000,400.43050535269936
MAPPO,42,,101000,400.6351679254717
MAPPO,42,,102000,400.90119413745447
MAPPO,42,,103000,401.1703284433128
MAPPO,42,,104000,401.43243120386086
MAPPO,42,,105000,401.7500798401912
MAPPO,42,,106000,402.0867036837871
MAPPO,42,,107000,402.2556939055914
MAPPO,42,,108000,402.4749464245044
MAPPO,42,,109000,402.7477253049576
MAPPO,42,,110000,403.0680725160007
MAPPO,42,,111000,403.2934244756795
MAPPO,42,,112000,403.5186894716278
MAPPO,42,,113000,403.802842209786
MAPPO,42,,114000,403.9815930749751
MAPPO,42,,115000,404.0668123005742
MAPPO,42,,116000,404.1077240335796
MAPPO,42,,117000,404.2616469434787
MAPPO,42,,118000,404.3578405622933
MAPPO,42,,119000,404.576728371274
MAPPO,42,,120000,404.61151857870345
MAPPO,42,,121000,404.6623940192313
MAPPO,42,,122000,404.6856374389295
MAPPO,42,,123000,404.7037127677816
MAPPO,42,,124000,404.77898790221593
MAPPO,42,,125000,404.6923427666994
MAPPO,42,,126000,404.688036435686
MAPPO,42,,127000,404.7211598930328
MAPPO,42,,128000,404.7037628335578
MAPPO,42,,129000,404.6202174899229
MAPPO,42,,130000,404.5750658430308
MAPPO,42,,131000,404.55943634597503
MAPPO,42,,132000,404.6709188037569
MAPPO,42,,133000,404.61022144004727
MAPPO,42,,134000,404.5061460370047
MAPPO,42,,135000,404.66555556731856
MAPPO,42,,136000,404.9062321487938
MAPPO,42,,137000,404.7922806045891
MAPPO,42,,138000,404.7767688763272
MAPPO,42,,139000,404.7484903961137
MAPPO,42,,140000,404.7550524523705
MAPPO,42,,141000,404.6471518101402
MAPPO,42,,142000,404.7529025106578
MAPPO,42,,143000,404.6977905696648
MAPPO,42,,144000,404.7205556481999
MAPPO,42,,145000,404.8291573452128
MAPPO,42,,146000,404.7599628898745
MAPPO,42,,147000,404.7781086546569
MAPPO,42,,148000,404.8631653644948
MAPPO,42,,149000,404.9530768192001
MAPPO,42,,150000,404.9338318612333
MAPPO,42,,151000,405.0297977809408
MAPPO,42,,152000,405.07886200651177
MAPPO,42,,153000,405.1573602073759
MAPPO,42,,154000,405.1657855922272
MAPPO,42,,155000,405.1621039015118
MAPPO,42,,156000,405.0305925053928
MAPPO,42,,157000,405.1710426345985
MAPPO,42,,158000,405.2072873780323
MAPPO,42,,159000,405.290895602987
MAPPO,42,,160000,405.2469238452605
MAPPO,42,,161000,405.46205778677154
MAPPO,42,,162000,405.4550158662694
MAPPO,42,,163000,405.5558113190577
MAPPO,42,,164000,405.491789268061
MAPPO,42,,165000,405.3964661259724
MAPPO,42,,166000,405.574607579787
MAPPO,42,,167000,405.72344089760975
MAPPO,42,,168000,405.78072481857896
MAPPO,42,,169000,405.69929689559154
MAPPO,42,,170000,405.7353114115325
MAPPO,42,,171000,405.8061592753737
MAPPO,42,,172000,405.809743765858
MAPPO,42,,173000,405.850909442973
MAPPO,42,,174000,405.8991430125717
MAPPO,42,,175000,405.91678024256544
MAPPO,42,,176000,406.13989996248034
MAPPO,42,,177000,406.31992508820434
MAPPO,42,,178000,406.4360045277747
MAPPO,42,,179000,406.41454295400393
MAPPO,42,,180000,406.58005150734095
MAPPO,42,,181000,406.52272487069104
MAPPO,42,,182000,406.6194080549014
MAPPO,42,,183000,406.6788131908606
MAPPO,42,,184000,406.7038491896187
MAPPO,42,,185000,406.8164851436655
MAPPO,42,,186000,406.6611605693768
MAPPO,42,,187000,406.4222370432289
MAPPO,42,,188000,406.4226878545224
MAPPO,42,,189000,406.5285168971165
MAPPO,42,,190000,406.6231132513941
MAPPO,42,,191000,406.5733833153507
MAPPO,42,,192000,406.59284099884434
MAPPO,42,,193000,406.6108450468486
MAPPO,42,,194000,406.6144538928205
MAPPO,42,,195000,406.5836225825603
MAPPO,42,,196000,406.5595024561764
MAPPO,42,,197000,406.3286209686475
MAPPO,42,,198000,406.185595439987
MAPPO,42,,199000,406.4215452301086
MAPPO,42,,200000,406.4394591066993
MAPPO,43,,1000,47.55337290530103
MAPPO,43,,2000,55.19071007501113
MAPPO,43,,3000,61.5565661530832
MAPPO,43,,4000,67.93033667884166
MAPPO,43,,5000,74.01182566564745
MAPPO,43,,6000,80.02095174861599
MAPPO,43,,7000,86.1688498525846
MAPPO,43,,8000,93.24766141022242
MAPPO,43,,9000,99.66511361643946
MAPPO,43,,10000,107.06813268124414
MAPPO,43,,11000,114.71592266616392
MAPPO,43,,12000,122.14280478703704
MAPPO,43,,13000,130.07838352813695
MAPPO,43,,14000,138.3464037871139
MAPPO,43,,15000,146.97274032612495
MAPPO,43,,16000,155.79396675606822
MAPPO,43,,17000,164.01543118974834
MAPPO,43,,18000,171.91246680992302
MAPPO,43,,19000,179.27390659362834
MAPPO,43,,20000,186.4620354037945
MAPPO,43,,21000,200.36160319731
MAPPO,43,,22000,213.78417864778223
MAPPO,43,,23000,227.1375263116223
MAPPO,43,,24000,239.97659526224504
MAPPO,43,,25000,252.47239133460064
MAPPO,43,,26000,264.6217406894652
MAPPO,43,,27000,275.90110629461344
MAPPO,43,,28000,286.4412113043574
MAPPO,43,,29000,296.70867082635635
MAPPO,43,,30000,305.8622888529921
MAPPO,43,,31000,314.3164271747705
MAPPO,43,,32000,322.2624896972468
MAPPO,43,,33000,329.4008743727739
MAPPO,43,,34000,335.54893957333394
MAPPO,43,,35000,340.8647084189504
MAPPO,43,,36000,345.20790368495364
MAPPO,43,,37000,349.35442162496736
MAPPO,43,,38000,352.7953154340365
MAPPO,43,,39000,355.9798651015236
MAPPO,43,,40000,358.7059722521748
MAPPO,43,,41000,361.3073599830908
MAPPO,43,,42000,363.851582127172
MAPPO,43,,43000,365.806927319577
MAPPO,43,,44000,367.8919497256784
MAPPO,43,,45000,369.7446673412163
MAPPO,43,,46000,371.3809517457158
MAPPO,43,,47000,373.3969008676836
MAPPO,43,,48000,375.293940582624
MAPPO,43,,49000,377.1660326226682
MAPPO,43,,50000,379.0169126642283
MAPPO,43,,51000,380.7609101134458
MAPPO,43,,52000,382.4445244102444
MAPPO,43,,53000,383.9814769114036
MAPPO,43,,54000,385.63704425402966
MAPPO,43,,55000,387.04761335594793
MAPPO,43,,56000,388.5572408319232
MAPPO,43,,57000,389.9763170384464
MAPPO,43,,58000,391.54800178020594
MAPPO,43,,59000,392.9814399348298
MAPPO,43,,60000,394.3582227050717
MAPPO,43,,61000,395.943348784812
MAPPO,43,,62000,397.2558561205804
MAPPO,43,,63000,398.73261797537896
MAPPO,43,,64000,400.1831367316878
MAPPO,43,,65000,401.6053056798317
MAPPO,43,,66000,402.9693385873723
MAPPO,43,,67000,404.30775155175417
MAPPO,43,,68000,405.5119478076689
MAPPO,43,,69000,406.5382456905918
MAPPO,43,,70000,407.6642729663526
MAPPO,43,,71000,408.62627432491024
MAPPO,43,,72000,409.64545912714703
MAPPO,43,,73000,410.553225181688
MAPPO,43,,74000,411.535739888802
MAPPO,43,,75000,412.39406282844936
MAPPO,43,,76000,413.17186289951206
MAPPO,43,,77000,413.8982700919639
MAPPO,43,,78000,414.3274416222996
MAPPO,43,,79000,415.1531967672066
MAPPO,43,,80000,415.9433314526648
MAPPO,43,,81000,416.5997675690945
MAPPO,43,,82000,417.1648329529499
MAPPO,43,,83000,417.6547514076161
MAPPO,43,,84000,417.9928868254644
MAPPO,43,,85000,418.2989385572157
MAPPO,43,,86000,418.68338830877104
MAPPO,43,,87000,418.94989015407305
MAPPO,43,,88000,419.3150794528969
MAPPO,43,,89000,419.6581176512021
MAPPO,43,,90000,419.9903722803712
MAPPO,43,,91000,420.3026898592098
MAPPO,43,,92000,420.5420581482912
MAPPO,43,,93000,420.7294212064488
MAPPO,43,,94000,420.7094342925204
MAPPO,43,,95000,420.9509092235404
MAPPO,43,,96000,421.1315218709788
MAPPO,43,,97000,421.2256247354519
MAPPO,43,,98000,421.5982906580287
MAPPO,43,,99000,421.6916297244377
MAPPO,43,,100000,421.7424149416409
MAPPO,43,,101000,421.8323988451796
MAPPO,43,,102000,422.0214395805303
MAPPO,43,,103000,422.1032001197676
MAPPO,43,,104000,422.0487753457556
MAPPO,43,,105000,422.1548568768085
MAPPO,43,,106000,422.0778846509718
MAPPO,43,,107000,422.1948840125679
MAPPO,43,,108000,422.2212087436047
MAPPO,43,,109000,422.3008134626901
MAPPO,43,,110000,422.3684099805172
MAPPO,43,,111000,422.4766732245971
MAPPO,43,,112000,422.544182537519
MAPPO,43,,113000,422.49564469588427
MAPPO,43,,114000,422.5083247409991
MAPPO,43,,115000,422.4773988221283
MAPPO,43,,116000,422.44064671532936
MAPPO,43,,117000,422.4908827873361
MAPPO,43,,118000,422.4367206437517
MAPPO,43,,119000,422.4531428682172
MAPPO,43,,120000,422.4621638118263
MAPPO,43,,121000,422.4393977225017
MAPPO,43,,122000,422.352957165014
MAPPO,43,,123000,422.3458492427762
MAPPO,43,,124000,422.520528524217
MAPPO,43,,125000,422.6646925258726
MAPPO,43,,126000,422.8567035646255
MAPPO,43,,127000,422.8325793847396
MAPPO,43,,128000,422.78209774462937
MAPPO,43,,129000,422.78503374648847
MAPPO,43,,130000,422.8718428619899
MAPPO,43,,131000,422.8989563943261
MAPPO,43,,132000,423.01177847402687
MAPPO,43,,133000,423.214806359684
MAPPO,43,,134000,423.2659799104508
MAPPO,43,,135000,423.2771983634077
MAPPO,43,,136000,423.3151691939529
MAPPO,43,,137000,423.2924128784652
MAPPO,43,,138000,423.4822942777406
MAPPO,43,,139000,423.5259242320572
MAPPO,43,,140000,423.5391871191173
MAPPO,43,,141000,423.5192049005493
MAPPO,43,,142000,423.65916876084697
MAPPO,43,,143000,423.81648125320936
MAPPO,43,,144000,423.7660482073399
MAPPO,43,,145000,423.7223111851391
MAPPO,43,,146000,423.7664424590614
MAPPO,43,,147000,423.7627848212007
MAPPO,43,,148000,423.74832831487566
MAPPO,43,,149000,423.8524859279364
MAPPO,43,,150000,423.717437580909
MAPPO,43,,151000,423.7501369556287
MAPPO,43,,152000,423.667869202328
MAPPO,43,,153000,423.8011469537089
MAPPO,43,,154000,423.8146236522316
MAPPO,43,,155000,423.7968244750872
MAPPO,43,,156000,423.70635611239805
MAPPO,43,,157000,423.6895367197092
MAPPO,43,,158000,423.6845046121702
MAPPO,43,,159000,423.7145087841089
MAPPO,43,,160000,423.83511108533673
MAPPO,43,,161000,423.8657208954013
MAPPO,43,,162000,423.8644168409461
MAPPO,43,,163000,423.8895027553132
MAPPO,43,,164000,423.8579653173066
MAPPO,43,,165000,423.86730847915226
MAPPO,43,,166000,423.76180189497046
MAPPO,43,,167000,423.8306231292567
MAPPO,43,,168000,424.03426574116463
MAPPO,43,,169000,423.9789318581667
MAPPO,43,,170000,424.0919881315647
MAPPO,43,,171000,424.19168940458223
MAPPO,43,,172000,424.1162476954357
MAPPO,43,,173000,424.0003767942119
MAPPO,43,,174000,424.03327395453954
MAPPO,43,,175000,424.00290351724345
MAPPO,43,,176000,424.084393490189
MAPPO,43,,177000,424.2529401340668
MAPPO,43,,178000,424.1955287406856
MAPPO,43,,179000,424.07215805755135
MAPPO,43,,180000,424.0060986235295
MAPPO,43,,181000,423.9834273606986
MAPPO,43,,182000,423.9935265820797
MAPPO,43,,183000,423.912075923599
MAPPO,43,,184000,423.95905247671385
MAPPO,43,,185000,424.09058949954016
MAPPO,43,,186000,424.2445117610738
MAPPO,43,,187000,424.2566545849781
MAPPO,43,,188000,424.0680118050127
MAPPO,43,,189000,424.0610096614933
MAPPO,43,,190000,423.89063759168624
MAPPO,43,,191000,423.7685311682972
MAPPO,43,,192000,423.8040162243973
MAPPO,43,,193000,423.7827138568259
MAPPO,43,,194000,423.7834363558946
MAPPO,43,,195000,423.9249695841325
MAPPO,43,,196000,423.87727006642655
MAPPO,43,,197000,423.7553694399363
MAPPO,43,,198000,423.7139315138148
MAPPO,43,,199000,423.8439378279665
MAPPO,43,,200000,423.8782087595411
MAPPO,44,,1000,24.308070685501413
MAPPO,44,,2000,36.61929543652828
MAPPO,44,,3000,44.32263663821119
MAPPO,44,,4000,53.45366829817488
MAPPO,44,,5000,61.33917726554974
MAPPO,44,,6000,70.72264665912208
MAPPO,44,,7000,78.6681421322321
MAPPO,44,,8000,85.99107717398459
MAPPO,44,,9000,92.98980723971768
MAPPO,44,,10000,100.80390277643342
MAPPO,44,,11000,108.64122504247548
MAPPO,44,,12000,116.42468333340445
MAPPO,44,,13000,124.04811546904622
MAPPO,44,,14000,131.9635153100656
MAPPO,44,,15000,140.87795300199346
MAPPO,44,,16000,148.89673115414206
MAPPO,44,,17000,157.15498554586208
MAPPO,44,,18000,164.9600231828819
MAPPO,44,,19000,172.30480920917682
MAPPO,44,,20000,179.16026772609194
MAPPO,44,,21000,193.9871554881908
MAPPO,44,,22000,207.85421112878345
MAPPO,44,,23000,221.62653778911917
MAPPO,44,,24000,234.86644232927225
MAPPO,44,,25000,247.3333226785161
MAPPO,44,,26000,258.8934828911981
MAPPO,44,,27000,269.88757714840415
MAPPO,44,,28000,280.7371957201723
MAPPO,44,,29000,291.4191219210556
MAPPO,44,,30000,301.01571677065965
MAPPO,44,,31000,309.9867149799681
MAPPO,44,,32000,318.1571098433506
MAPPO,44,,33000,325.6589241199292
MAPPO,44,,34000,332.3205292889885
MAPPO,44,,35000,337.3758534776202
MAPPO,44,,36000,342.4664459236257
MAPPO,44,,37000,346.59933490520945
MAPPO,44,,38000,350.45114017650144
MAPPO,44,,39000,353.90216834868386
MAPPO,44,,40000,357.35458928398657
MAPPO,44,,41000,360.3564935217185
MAPPO,44,,42000,363.078512099152
MAPPO,44,,43000,365.4881157123681
MAPPO,44,,44000,367.2184437907608
MAPPO,44,,45000,369.2562507294003
MAPPO,44,,46000,371.0918470456732
MAPPO,44,,47000,373.1174825961472
MAPPO,44,,48000,374.76567872894566
MAPPO,44,,49000,375.9734097559292
MAPPO,44,,50000,377.1723181579512
MAPPO,44,,51000,378.1355657309718
MAPPO,44,,52000,379.3257897107353
MAPPO,44,,53000,380.51654517757777
MAPPO,44,,54000,381.47890346208345
MAPPO,44,,55000,382.67846505156666
MAPPO,44,,56000,383.8574722365144
MAPPO,44,,57000,384.87925261656005
MAPPO,44,,58000,385.9240996526155
MAPPO,44,,59000,386.9391088626761
MAPPO,44,,60000,387.6419856947842
MAPPO,44,,61000,388.3092408292516
MAPPO,44,,62000,389.016147390001
MAPPO,44,,63000,389.71072608922
MAPPO,44,,64000,390.6397201968602
MAPPO,44,,65000,391.2978269057497
MAPPO,44,,66000,391.9081994943383
MAPPO,44,,67000,392.5747166410231
MAPPO,44,,68000,393.3955372922477
MAPPO,44,,69000,394.1435753761375
MAPPO,44,,70000,394.9101703243177
MAPPO,44,,71000,395.7191652988806
MAPPO,44,,72000,396.3291408896249
MAPPO,44,,73000,396.9029522582522
MAPPO,44,,74000,397.5986069949747
MAPPO,44,,75000,398.303198229363
MAPPO,44,,76000,398.6610526052513
MAPPO,44,,77000,399.23515054988303
MAPPO,44,,78000,399.6023723002522
MAPPO,44,,79000,400.1480556938623
MAPPO,44,,80000,400.9493872024092
MAPPO,44,,81000,401.6792368153557
MAPPO,44,,82000,402.4106297598527
MAPPO,44,,83000,402.996024338226
MAPPO,44,,84000,403.5255504461466
MAPPO,44,,85000,404.173328249192
MAPPO,44,,86000,404.7995398063956
MAPPO,44,,87000,405.34632779681885
MAPPO,44,,88000,405.7083601320208
MAPPO,44,,89000,406.2567718247867
MAPPO,44,,90000,406.91368281740847
MAPPO,44,,91000,407.48366365716765
MAPPO,44,,92000,408.1308585327911
MAPPO,44,,93000,408.8323610333763
MAPPO,44,,94000,409.5231434808988
MAPPO,44,,95000,410.1667614527247
MAPPO,44,,96000,410.89644407258857
MAPPO,44,,97000,411.63451692755103
MAPPO,44,,98000,412.3680299409059
MAPPO,44,,99000,413.168212286655
MAPPO,44,,100000,413.6153093111101
MAPPO,44,,101000,414.0066794683738
MAPPO,44,,102000,414.4072451324736
MAPPO,44,,103000,414.8820510347292
MAPPO,44,,104000,415.3150315878904
MAPPO,44,,105000,415.9232993368416
MAPPO,44,,106000,416.3164894756928
MAPPO,44,,107000,416.7582788045397
MAPPO,44,,108000,417.0646316190908
MAPPO,44,,109000,417.4377877293502
MAPPO,44,,110000,417.7840370136556
MAPPO,44,,111000,418.0891043329894
MAPPO,44,,112000,418.2601977371911
MAPPO,44,,113000,418.5307104817892
MAPPO,44,,114000,418.7244668109343
MAPPO,44,,115000,418.901905331307
MAPPO,44,,116000,419.104711346407
MAPPO,44,,117000,419.1440815256806
MAPPO,44,,118000,419.1952651452259
MAPPO,44,,119000,419.1640827051191
MAPPO,44,,120000,419.2995268238004
MAPPO,44,,121000,419.4160156641974
MAPPO,44,,122000,419.58014929973257
MAPPO,44,,123000,419.5269444971164
MAPPO,44,,124000,419.6379375921324
MAPPO,44,,125000,419.6489064985324
MAPPO,44,,126000,419.7358665993108
MAPPO,44,,127000,419.81672446396806
MAPPO,44,,128000,420.0632885615386
MAPPO,44,,129000,420.0408700147821
MAPPO,44,,130000,419.96170444894045
MAPPO,44,,131000,419.9483398252151
MAPPO,44,,132000,420.06124916129966
MAPPO,44,,133000,420.156049265726
MAPPO,44,,134000,420.2480847795562
MAPPO,44,,135000,420.21688856807225
MAPPO,44,,136000,420.2015823312212
MAPPO,44,,137000,420.1999841257759
MAPPO,44,,138000,420.36920818964495
MAPPO,44,,139000,420.5142582866402
MAPPO,44,,140000,420.5399162861779
MAPPO,44,,141000,420.4580040485032
MAPPO,44,,142000,420.4664234615785
MAPPO,44,,143000,420.60758504340765
MAPPO,44,,144000,420.7217220480506
MAPPO,44,,145000,420.74100250972776
MAPPO,44,,146000,420.7640681030812
MAPPO,44,,147000,420.6963885764368
MAPPO,44,,148000,420.6603749548504
MAPPO,44,,149000,420.8447802546507
MAPPO,44,,150000,420.8661420544663
MAPPO,44,,151000,420.9133673343061
MAPPO,44,,152000,421.0362215786634
MAPPO,44,,153000,421.0564743075858
MAPPO,44,,154000,421.09671270351697
MAPPO,44,,155000,421.20581403677465
MAPPO,44,,156000,421.2823399257228
MAPPO,44,,157000,421.3145336242937
MAPPO,44,,158000,421.2799979604175
MAPPO,44,,159000,421.1298750336791
MAPPO,44,,160000,421.11500247705226
MAPPO,44,,161000,421.383032430682
MAPPO,44,,162000,421.5427544070941
MAPPO,44,,163000,421.57781722974073
MAPPO,44,,164000,421.5427985620421
MAPPO,44,,165000,421.5212579570696
MAPPO,44,,166000,421.5526555710363
MAPPO,44,,167000,421.6322519022626
MAPPO,44,,168000,421.7724315929392
MAPPO,44,,169000,421.66553115445765
MAPPO,44,,170000,421.6886499546555
MAPPO,44,,171000,421.8174961469959
MAPPO,44,,172000,421.7118606815787
MAPPO,44,,173000,421.5873552646751
MAPPO,44,,174000,421.5636125738763
MAPPO,44,,175000,421.5141353904991
MAPPO,44,,176000,421.5775710817391
MAPPO,44,,177000,421.8152500637601
MAPPO,44,,178000,421.851079798548
MAPPO,44,,179000,422.0163899717898
MAPPO,44,,180000,422.0967007961302
MAPPO,44,,181000,422.1926227532829
MAPPO,44,,182000,422.1205072462799
MAPPO,44,,183000,422.2312217990698
MAPPO,44,,184000,422.2488392499396
MAPPO,44,,185000,422.2881842785749
MAPPO,44,,186000,422.3440262545924
MAPPO,44,,187000,422.38447525727935
MAPPO,44,,188000,422.25133583111847
MAPPO,44,,189000,422.33317826714193
MAPPO,44,,190000,422.34855531483487
MAPPO,44,,191000,422.3109221113885
MAPPO,44,,192000,422.4535863522696
MAPPO,44,,193000,422.58605506223046
MAPPO,44,,194000,422.67092901465696
MAPPO,44,,195000,422.6382752021715
MAPPO,44,,196000,422.68507152040553
MAPPO,44,,197000,422.60543774078434
MAPPO,44,,198000,422.55171955139895
MAPPO,44,,199000,422.4762487454344
MAPPO,44,,200000,422.4640467554769
MA-A2C,42,,1000,31.76841192286803
MA-A2C,42,,2000,30.257921079132085
MA-A2C,42,,3000,31.1758776747272
MA-A2C,42,,4000,32.890221079667675
MA-A2C,42,,5000,34.635915580878105
MA-A2C,42,,6000,35.9995865846962
MA-A2C,42,,7000,39.41203525212875
MA-A2C,42,,8000,42.56737953310487
MA-A2C,42,,9000,46.25222327114087
MA-A2C,42,,10000,49.84057466985414
MA-A2C,42,,11000,53.66073869214654
MA-A2C,42,,12000,58.44058165852718
MA-A2C,42,,13000,62.71274375955385
MA-A2C,42,,14000,67.62820432960454
MA-A2C,42,,15000,73.1610179377499
MA-A2C,42,,16000,78.68543600899947
MA-A2C,42,,17000,84.60917661170572
MA-A2C,42,,18000,91.16351262773932
MA-A2C,42,,19000,97.94309052807787
MA-A2C,42,,20000,105.03503563689374
MA-A2C,42,,21000,116.00188573074549
MA-A2C,42,,22000,128.05222455365913
MA-A2C,42,,23000,140.76805314853527
MA-A2C,42,,24000,153.15482778976354
MA-A2C,42,,25000,166.09627150847612
MA-A2C,42,,26000,179.83570293585765
MA-A2C,42,,27000,193.01555338471945
MA-A2C,42,,28000,206.65247454516663
MA-A2C,42,,29000,219.44655379530016
MA-A2C,42,,30000,232.65686364946885
MA-A2C,42,,31000,245.23292833562056
MA-A2C,42,,32000,257.56629039412223
MA-A2C,42,,33000,269.6685137233005
MA-A2C,42,,34000,281.1854949784862
MA-A2C,42,,35000,291.7483458152206
MA-A2C,42,,36000,301.6305774774766
MA-A2C,42,,37000,310.87892372848535
MA-A2C,42,,38000,319.10850637350126
MA-A2C,42,,39000,326.4275768902131
MA-A2C,42,,40000,332.72912062499336
MA-A2C,42,,41000,338.43700686538534
MA-A2C,42,,42000,343.4929740884006
MA-A2C,42,,43000,347.70428208555643
MA-A2C,42,,44000,351.9073460004014
MA-A2C,42,,45000,355.5913521832754
MA-A2C,42,,46000,358.32388950591064
MA-A2C,42,,47000,360.7855993721365
MA-A2C,42,,48000,362.8014852176254
MA-A2C,42,,49000,365.0059825964456
MA-A2C,42,,50000,366.4382451996378
MA-A2C,42,,51000,368.1250687403639
MA-A2C,42,,52000,369.0646919148273
MA-A2C,42,,53000,370.2015756713151
MA-A2C,42,,54000,370.9219586257972
MA-A2C,42,,55000,371.96274669786334
MA-A2C,42,,56000,372.8590994088492
MA-A2C,42,,57000,373.65691949519737
MA-A2C,42,,58000,374.1235053860099
MA-A2C,42,,59000,374.5755737004625
MA-A2C,42,,60000,375.2583157378904
MA-A2C,42,,61000,376.0703859070621
MA-A2C,42,,62000,376.4901156554836
MA-A2C,42,,63000,377.0239765088512
MA-A2C,42,,64000,377.8304528274465
MA-A2C,42,,65000,378.5054009917726
MA-A2C,42,,66000,379.00676543540726
MA-A2C,42,,67000,379.9186837313824
MA-A2C,42,,68000,380.602000749523
MA-A2C,42,,69000,381.2489170870105
MA-A2C,42,,70000,381.9237666279346
MA-A2C,42,,71000,382.5708223119551
MA-A2C,42,,72000,383.0484765062752
MA-A2C,42,,73000,383.6431564807724
MA-A2C,42,,74000,384.0094441743415
MA-A2C,42,,75000,384.2512816011194
MA-A2C,42,,76000,384.8473112631224
MA-A2C,42,,77000,385.3414840526165
MA-A2C,42,,78000,385.9294031045424
MA-A2C,42,,79000,386.73816876124505
MA-A2C,42,,80000,387.3851546538875
MA-A2C,42,,81000,387.8353494277824
MA-A2C,42,,82000,388.3996740904147
MA-A2C,42,,83000,388.86382280329775
MA-A2C,42,,84000,388.8911601283346
MA-A2C,42,,85000,389.1201100427281
MA-A2C,42,,86000,389.5921200643167
MA-A2C,42,,87000,389.5600282717493
MA-A2C,42,,88000,389.4702296570884
MA-A2C,42,,89000,389.7331532798806
MA-A2C,42,,90000,389.76827913682456
MA-A2C,42,,91000,389.69098761387744
MA-A2C,42,,92000,389.9702577462632
MA-A2C,42,,93000,389.88980209266913
MA-A2C,42,,94000,390.1918837031896
MA-A2C,42,,95000,390.3428338347868
MA-A2C,42,,96000,390.245685382843
MA-A2C,42,,97000,390.3952525827455
MA-A2C,42,,98000,390.5127954175634
MA-A2C,42,,99000,390.3833490512975
MA-A2C,42,,100000,390.3645931790076
MA-A2C,42,,101000,390.48107199651264
MA-A2C,42,,102000,390.5511787870167
MA-A2C,42,,103000,390.676125847289
MA-A2C,42,,104000,390.9489170932858
MA-A2C,42,,105000,391.078193594996
MA-A2C,42,,106000,391.3093634497547
MA-A2C,42,,107000,391.4357959159076
MA-A2C,42,,108000,391.5035858162451
MA-A2C,42,,109000,391.5518548487162
MA-A2C,42,,110000,391.9257301180447
MA-A2C,42,,111000,392.1754097501469
MA-A2C,42,,112000,392.32183525856846
MA-A2C,42,,113000,392.5837753442031
MA-A2C,42,,114000,393.0924972105108
MA-A2C,42,,115000,393.3034220411411
MA-A2C,42,,116000,393.42551071148233
MA-A2C,42,,117000,393.6023006655284
MA-A2C,42,,118000,393.967518889988
MA-A2C,42,,119000,394.38561973023417
MA-A2C,42,,120000,394.6882265913224
MA-A2C,42,,121000,395.0730802102773
MA-A2C,42,,122000,395.4096805757127
MA-A2C,42,,123000,395.68793629056177
MA-A2C,42,,124000,395.9754071813272
MA-A2C,42,,125000,396.16816641387067
MA-A2C,42,,126000,396.3916654509225
MA-A2C,42,,127000,396.7350237733695
MA-A2C,42,,128000,397.11124563955104
MA-A2C,42,,129000,397.25875465197305
MA-A2C,42,,130000,397.3215869265307
MA-A2C,42,,131000,397.5797793153158
MA-A2C,42,,132000,397.8385845700734
MA-A2C,42,,133000,398.1509620805141
MA-A2C,42,,134000,398.017510882658
MA-A2C,42,,135000,398.3210512241484
MA-A2C,42,,136000,398.8545117246245
MA-A2C,42,,137000,399.0576464531272
MA-A2C,42,,138000,399.1347820084273
MA-A2C,42,,139000,399.2580022209106
MA-A2C,42,,140000,399.3479012594312
MA-A2C,42,,141000,399.2044098815954
MA-A2C,42,,142000,399.312579156523
MA-A2C,42,,143000,399.2124529073938
MA-A2C,42,,144000,399.3103782343461
MA-A2C,42,,145000,399.4152106353135
MA-A2C,42,,146000,399.22933741883867
MA-A2C,42,,147000,399.2997175785193
MA-A2C,42,,148000,399.4260421353353
MA-A2C,42,,149000,399.5788194460299
MA-A2C,42,,150000,399.6615149548748
MA-A2C,42,,151000,399.7727241825713
MA-A2C,42,,152000,399.9020933583951
MA-A2C,42,,153000,399.9170117396428
MA-A2C,42,,154000,399.9504875716032
MA-A2C,42,,155000,399.99310947446327
MA-A2C,42,,156000,399.81979861440567
MA-A2C,42,,157000,399.8559159081311
MA-A2C,42,,158000,399.86704584846126
MA-A2C,42,,159000,399.92297692105006
MA-A2C,42,,160000,399.81189803718377
MA-A2C,42,,161000,400.0976086634271
MA-A2C,42,,162000,400.1030140709726
MA-A2C,42,,163000,400.3218302832242
MA-A2C,42,,164000,400.373651883554
MA-A2C,42,,165000,400.3232466259631
MA-A2C,42,,166000,400.6544919776589
MA-A2C,42,,167000,400.86042218551074
MA-A2C,42,,168000,401.11683160760026
MA-A2C,42,,169000,401.16822668201087
MA-A2C,42,,170000,401.2727348169788
MA-A2C,42,,171000,401.4663970952489
MA-A2C,42,,172000,401.6312165352721
MA-A2C,42,,173000,401.8269478574899
MA-A2C,42,,174000,402.0528050827298
MA-A2C,42,,175000,402.12298435529664
MA-A2C,42,,176000,402.4406615021076
MA-A2C,42,,177000,402.65083226339664
MA-A2C,42,,178000,402.685130208886
MA-A2C,42,,179000,402.5598560757321
MA-A2C,42,,180000,402.7299063758692
MA-A2C,42,,181000,402.6715085226985
MA-A2C,42,,182000,402.7573292871694
MA-A2C,42,,183000,402.71711136247984
MA-A2C,42,,184000,402.6437710884424
MA-A2C,42,,185000,402.6901078882263
MA-A2C,42,,186000,402.4811675691189
MA-A2C,42,,187000,401.9502352069532
MA-A2C,42,,188000,401.7099026444119
MA-A2C,42,,189000,401.7403101530988
MA-A2C,42,,190000,401.7913545413742
MA-A2C,42,,191000,401.6526577473916
MA-A2C,42,,192000,401.6892047710594
MA-A2C,42,,193000,401.779618983406
MA-A2C,42,,194000,401.77917597581296
MA-A2C,42,,195000,401.86806866296325
MA-A2C,42,,196000,402.07825033512194
MA-A2C,42,,197000,401.9092580380493
MA-A2C,42,,198000,401.8801185048116
MA-A2C,42,,199000,402.0850308384853
MA-A2C,42,,200000,402.1575744328847
MA-A2C,43,,1000,27.04476803290133
MA-A2C,43,,2000,30.90277892772276
MA-A2C,43,,3000,33.42781790690085
MA-A2C,43,,4000,34.73092041647305
MA-A2C,43,,5000,36.85267122493316
MA-A2C,43,,6000,39.193302293720414
MA-A2C,43,,7000,41.93661933891276
MA-A2C,43,,8000,45.15908329608309
MA-A2C,43,,9000,48.835049863082006
MA-A2C,43,,10000,53.19136388834818
MA-A2C,43,,11000,57.62313282660914
MA-A2C,43,,12000,62.20833664080364
MA-A2C,43,,13000,66.89503803126134
MA-A2C,43,,14000,71.8171200238755
MA-A2C,43,,15000,77.45728608655841
MA-A2C,43,,16000,82.53468228907101
MA-A2C,43,,17000,88.10135945952392
MA-A2C,43,,18000,94.5373639715464
MA-A2C,43,,19000,100.62302656946424
MA-A2C,43,,20000,107.02054044679764
MA-A2C,43,,21000,117.67602553334844
MA-A2C,43,,22000,128.86725350954563
MA-A2C,43,,23000,140.98901989584218
MA-A2C,43,,24000,153.6063759490392
MA-A2C,43,,25000,166.290843324872
MA-A2C,43,,26000,179.28563707828644
MA-A2C,43,,27000,191.9584594279864
MA-A2C,43,,28000,204.7070959161871
MA-A2C,43,,29000,217.2662605990149
MA-A2C,43,,30000,229.2173087801492
MA-A2C,43,,31000,241.04049428223928
MA-A2C,43,,32000,252.3860589615025
MA-A2C,43,,33000,263.8124882853568
MA-A2C,43,,34000,274.83426176382994
MA-A2C,43,,35000,284.9989806417783
MA-A2C,43,,36000,295.09591900286654
MA-A2C,43,,37000,304.3255664801402
MA-A2C,43,,38000,312.1404757143187
MA-A2C,43,,39000,319.711230298039
MA-A2C,43,,40000,326.62133846012114
MA-A2C,43,,41000,332.95548576633087
MA-A2C,43,,42000,338.29636047248493
MA-A2C,43,,43000,342.5068233712151
MA-A2C,43,,44000,346.4012314417876
MA-A2C,43,,45000,349.7745134686836
MA-A2C,43,,46000,352.6598973493581
MA-A2C,43,,47000,355.48326447381527
MA-A2C,43,,48000,357.910292777409
MA-A2C,43,,49000,359.9378572163395
MA-A2C,43,,50000,361.9898962817359
MA-A2C,43,,51000,363.44471690397614
MA-A2C,43,,52000,364.9268535991654
MA-A2C,43,,53000,365.9219451074076
MA-A2C,43,,54000,366.7949514163752
MA-A2C,43,,55000,367.4452227386304
MA-A2C,43,,56000,368.2570037366408
MA-A2C,43,,57000,369.21642400817314
MA-A2C,43,,58000,370.1205997020931
MA-A2C,43,,59000,371.0084975329729
MA-A2C,43,,60000,371.4658898435407
MA-A2C,43,,61000,372.2012717303424
MA-A2C,43,,62000,373.0358768298796
MA-A2C,43,,63000,373.98151933205946
MA-A2C,43,,64000,374.9093771225085
MA-A2C,43,,65000,375.8868017134589
MA-A2C,43,,66000,376.6863873159593
MA-A2C,43,,67000,377.5988717603597
MA-A2C,43,,68000,378.4050269988376
MA-A2C,43,,69000,379.1659819501011
MA-A2C,43,,70000,379.7629209282889
MA-A2C,43,,71000,380.4523964494893
MA-A2C,43,,72000,381.2861960758543
MA-A2C,43,,73000,381.88593424835466
MA-A2C,43,,74000,382.72067479526027
MA-A2C,43,,75000,383.3075617605157
MA-A2C,43,,76000,383.9478882187513
MA-A2C,43,,77000,384.2654559925634
MA-A2C,43,,78000,384.41540990993
MA-A2C,43,,79000,384.8497392013628
MA-A2C,43,,80000,385.4638666926774
MA-A2C,43,,81000,385.6828345138671
MA-A2C,43,,82000,385.7038386024121
MA-A2C,43,,83000,385.76977817781744
MA-A2C,43,,84000,385.6392163205391
MA-A2C,43,,85000,385.5966723777461
MA-A2C,43,,86000,385.55101080575
MA-A2C,43,,87000,385.3715905389747
MA-A2C,43,,88000,385.2763785737778
MA-A2C,43,,89000,385.2243316982
MA-A2C,43,,90000,385.2410883686129
MA-A2C,43,,91000,385.27460711775313
MA-A2C,43,,92000,385.2503241011375
MA-A2C,43,,93000,385.34792427725847
MA-A2C,43,,94000,385.0852745763103
MA-A2C,43,,95000,385.3413166410145
MA-A2C,43,,96000,385.3344331909767
MA-A2C,43,,97000,385.3823188002084
MA-A2C,43,,98000,385.6293349254728
MA-A2C,43,,99000,385.6417406884477
MA-A2C,43,,100000,385.5049869907532
MA-A2C,43,,101000,385.83391665590034
MA-A2C,43,,102000,386.2975812161473
MA-A2C,43,,103000,386.5342151211622
MA-A2C,43,,104000,386.5851942977903
MA-A2C,43,,105000,386.6076402923373
MA-A2C,43,,106000,386.7467106544052
MA-A2C,43,,107000,387.1264965059986
MA-A2C,43,,108000,387.3650752616544
MA-A2C,43,,109000,387.71642369501353
MA-A2C,43,,110000,388.0978898104585
MA-A2C,43,,111000,388.6027076727036
MA-A2C,43,,112000,388.9620339287178
MA-A2C,43,,113000,389.1659253112581
MA-A2C,43,,114000,389.5397442436412
MA-A2C,43,,115000,389.74789457180793
MA-A2C,43,,116000,389.9289966985551
MA-A2C,43,,117000,390.2500662201636
MA-A2C,43,,118000,390.5062409878993
MA-A2C,43,,119000,390.839892445747
MA-A2C,43,,120000,391.1696231007323
MA-A2C,43,,121000,391.3242313223727
MA-A2C,43,,122000,391.260684815672
MA-A2C,43,,123000,391.3374649644955
MA-A2C,43,,124000,391.6312137284129
MA-A2C,43,,125000,392.06868106188654
MA-A2C,43,,126000,392.3605170562436
MA-A2C,43,,127000,392.3879443773137
MA-A2C,43,,128000,392.3881420665907
MA-A2C,43,,129000,392.4401396714096
MA-A2C,43,,130000,392.6712281682105
MA-A2C,43,,131000,392.5698861099384
MA-A2C,43,,132000,392.5814037765999
MA-A2C,43,,133000,392.6655498831414
MA-A2C,43,,134000,392.4722640457824
MA-A2C,43,,135000,392.355662534068
MA-A2C,43,,136000,392.4439443193268
MA-A2C,43,,137000,392.4712534228571
MA-A2C,43,,138000,392.6754374445828
MA-A2C,43,,139000,392.8099317537789
MA-A2C,43,,140000,392.86326189366514
MA-A2C,43,,141000,392.9294087850122
MA-A2C,43,,142000,393.2701283559244
MA-A2C,43,,143000,393.68216263491377
MA-A2C,43,,144000,394.0137930476148
MA-A2C,43,,145000,394.3354756879308
MA-A2C,43,,146000,394.5935988272138
MA-A2C,43,,147000,394.9480502173824
MA-A2C,43,,148000,395.2991922566678
MA-A2C,43,,149000,395.74635285694336
MA-A2C,43,,150000,395.8890968902438
MA-A2C,43,,151000,396.4006923512572
MA-A2C,43,,152000,396.8094744701914
MA-A2C,43,,153000,397.5984262352405
MA-A2C,43,,154000,398.3100483129671
MA-A2C,43,,155000,398.9235072673789
MA-A2C,43,,156000,399.2648088150804
MA-A2C,43,,157000,399.6118882148088
MA-A2C,43,,158000,400.03990528319633
MA-A2C,43,,159000,400.32813275892784
MA-A2C,43,,160000,400.7849673999172
MA-A2C,43,,161000,401.0315792046615
MA-A2C,43,,162000,401.2950822318587
MA-A2C,43,,163000,401.4568963156592
MA-A2C,43,,164000,401.4221623141389
MA-A2C,43,,165000,401.4047614485038
MA-A2C,43,,166000,401.3799006589781
MA-A2C,43,,167000,401.4989773618352
MA-A2C,43,,168000,401.71781484411457
MA-A2C,43,,169000,401.656147628177
MA-A2C,43,,170000,401.5362865324948
MA-A2C,43,,171000,401.40740161573245
MA-A2C,43,,172000,401.070913564156
MA-A2C,43,,173000,400.4950743875517
MA-A2C,43,,174000,400.1935663346513
MA-A2C,43,,175000,399.7780546675445
MA-A2C,43,,176000,399.6833990356234
MA-A2C,43,,177000,399.7913934301383
MA-A2C,43,,178000,399.7446087641818
MA-A2C,43,,179000,399.4823726564277
MA-A2C,43,,180000,399.4257742797849
MA-A2C,43,,181000,399.3372731297318
MA-A2C,43,,182000,399.2447865330242
MA-A2C,43,,183000,399.0545239766756
MA-A2C,43,,184000,398.96357029844233
MA-A2C,43,,185000,399.00791518754704
MA-A2C,43,,186000,399.0627161591645
MA-A2C,43,,187000,398.8589652963934
MA-A2C,43,,188000,398.57291737190906
MA-A2C,43,,189000,398.5271757998916
MA-A2C,43,,190000,398.42329491012265
MA-A2C,43,,191000,398.3364616281409
MA-A2C,43,,192000,398.3834381666901
MA-A2C,43,,193000,398.4927149666956
MA-A2C,43,,194000,398.4362894524569
MA-A2C,43,,195000,398.599578798188
MA-A2C,43,,196000,398.45435273415967
MA-A2C,43,,197000,398.06471865093823
MA-A2C,43,,198000,397.53209041923327
MA-A2C,43,,199000,397.51009539106695
MA-A2C,43,,200000,397.34108796980615
MA-A2C,44,,1000,25.369788526377665
MA-A2C,44,,2000,28.85513530775292
MA-A2C,44,,3000,33.23562665241115
MA-A2C,44,,4000,34.683037910288974
MA-A2C,44,,5000,38.3512698792485
MA-A2C,44,,6000,41.192592427644406
MA-A2C,44,,7000,43.8733318788714
MA-A2C,44,,8000,46.6789129138637
MA-A2C,44,,9000,50.1360294064427
MA-A2C,44,,10000,53.85825379812351
MA-A2C,44,,11000,57.720868913189214
MA-A2C,44,,12000,61.9552432936258
MA-A2C,44,,13000,66.66019105737479
MA-A2C,44,,14000,71.961350494332
MA-A2C,44,,15000,78.00242559702627
MA-A2C,44,,16000,83.64907140167534
MA-A2C,44,,17000,89.6622268007031
MA-A2C,44,,18000,95.55332778085244
MA-A2C,44,,19000,102.05309471368514
MA-A2C,44,,20000,109.0543442696424
MA-A2C,44,,21000,120.89355880220756
MA-A2C,44,,22000,133.21742630776828
MA-A2C,44,,23000,145.82789444067
MA-A2C,44,,24000,159.09454106945583
MA-A2C,44,,25000,172.03069923104525
MA-A2C,44,,26000,185.42864183789567
MA-A2C,44,,27000,198.4974665974695
MA-A2C,44,,28000,211.93721819865397
MA-A2C,44,,29000,224.9866328077168
MA-A2C,44,,30000,237.52876517285915
MA-A2C,44,,31000,250.0680988422176
MA-A2C,44,,32000,261.97037797165524
MA-A2C,44,,33000,273.3392827263064
MA-A2C,44,,34000,284.0864336374087
MA-A2C,44,,35000,293.86156394273223
MA-A2C,44,,36000,303.3581000532364
MA-A2C,44,,37000,311.9285233885326
MA-A2C,44,,38000,320.1784649953611
MA-A2C,44,,39000,327.1021093825026
MA-A2C,44,,40000,333.1512944372122
MA-A2C,44,,41000,338.2316763513681
MA-A2C,44,,42000,342.4927350324197
MA-A2C,44,,43000,346.1597859116811
MA-A2C,44,,44000,349.1315668080998
MA-A2C,44,,45000,351.8971044283538
MA-A2C,44,,46000,354.0769931440102
MA-A2C,44,,47000,356.39515835838336
MA-A2C,44,,48000,358.01865240606725
MA-A2C,44,,49000,359.27288649366795
MA-A2C,44,,50000,360.5425385302676
MA-A2C,44,,51000,361.3004277952844
MA-A2C,44,,52000,362.40719281989567
MA-A2C,44,,53000,363.3475495001387
MA-A2C,44,,54000,363.90489833019353
MA-A2C,44,,55000,364.3843709405485
MA-A2C,44,,56000,364.89805277405344
MA-A2C,44,,57000,365.310178726792
MA-A2C,44,,58000,365.84578649075127
MA-A2C,44,,59000,366.34914344388034
MA-A2C,44,,60000,366.4626282968673
MA-A2C,44,,61000,366.63327853761416
MA-A2C,44,,62000,366.805242583692
MA-A2C,44,,63000,366.9271267253412
MA-A2C,44,,64000,367.3219271064089
MA-A2C,44,,65000,367.39220575562655
MA-A2C,44,,66000,367.4935053509866
MA-A2C,44,,67000,367.7830928369271
MA-A2C,44,,68000,368.3281561464048
MA-A2C,44,,69000,369.05915649963214
MA-A2C,44,,70000,369.83650552924775
MA-A2C,44,,71000,370.7209106673417
MA-A2C,44,,72000,371.3589252665313
MA-A2C,44,,73000,371.88412542410674
MA-A2C,44,,74000,372.4436546287368
MA-A2C,44,,75000,373.1508623802965
MA-A2C,44,,76000,373.5167292145159
MA-A2C,44,,77000,374.2892003718724
MA-A2C,44,,78000,374.32580235118905
MA-A2C,44,,79000,374.7376864858712
MA-A2C,44,,80000,375.42659202498135
MA-A2C,44,,81000,376.0486217155524
MA-A2C,44,,82000,376.66240440242194
MA-A2C,44,,83000,377.2051000644819
MA-A2C,44,,84000,377.6303805013284
MA-A2C,44,,85000,378.1591740641404
MA-A2C,44,,86000,378.784621991299
MA-A2C,44,,87000,379.27261949439
MA-A2C,44,,88000,379.5236446462653
MA-A2C,44,,89000,379.795148564474
MA-A2C,44,,90000,380.19000748386566
MA-A2C,44,,91000,380.4150599297433
MA-A2C,44,,92000,380.64940651114426
MA-A2C,44,,93000,381.0422960248004
MA-A2C,44,,94000,381.581794427342
MA-A2C,44,,95000,382.06323408688456
MA-A2C,44,,96000,382.7718145816215
MA-A2C,44,,97000,383.3010382748588
MA-A2C,44,,98000,384.35164458763313
MA-A2C,44,,99000,385.36131125177553
MA-A2C,44,,100000,385.96232751210175
MA-A2C,44,,101000,386.583876108664
MA-A2C,44,,102000,387.208742302106
MA-A2C,44,,103000,387.6521164439208
MA-A2C,44,,104000,388.3709942338866
MA-A2C,44,,105000,389.2236866636396
MA-A2C,44,,106000,389.68199079660536
MA-A2C,44,,107000,390.0949194619696
MA-A2C,44,,108000,390.3400470632842
MA-A2C,44,,109000,390.6138931173568
MA-A2C,44,,110000,390.8847458337525
MA-A2C,44,,111000,391.2940123149428
MA-A2C,44,,112000,391.5397602027388
MA-A2C,44,,113000,391.8720906802396
MA-A2C,44,,114000,392.2979270591522
MA-A2C,44,,115000,392.60265222206544
MA-A2C,44,,116000,393.0099565697487
MA-A2C,44,,117000,393.34938278791503
MA-A2C,44,,118000,393.6109230619542
MA-A2C,44,,119000,393.78191033391386
MA-A2C,44,,120000,394.1929162527377
MA-A2C,44,,121000,394.5189128631079
MA-A2C,44,,122000,394.9649341732796
MA-A2C,44,,123000,395.2561203828807
MA-A2C,44,,124000,395.4920074725505
MA-A2C,44,,125000,395.73476259345546
MA-A2C,44,,126000,396.1138467463184
MA-A2C,44,,127000,396.557939282556
MA-A2C,44,,128000,397.2464874094098
MA-A2C,44,,129000,397.8222544370281
MA-A2C,44,,130000,398.3325798729392
MA-A2C,44,,131000,398.729716037504
MA-A2C,44,,132000,399.1961742791634
MA-A2C,44,,133000,399.65274735343024
MA-A2C,44,,134000,399.9292450685351
MA-A2C,44,,135000,400.2537445083488
MA-A2C,44,,136000,400.4641024356344
MA-A2C,44,,137000,400.6978745390141
MA-A2C,44,,138000,401.0015334757429
MA-A2C,44,,139000,401.3216804235652
MA-A2C,44,,140000,401.5095961955959
MA-A2C,44,,141000,401.6370115895016
MA-A2C,44,,142000,401.7467467230635
MA-A2C,44,,143000,402.13997867950826
MA-A2C,44,,144000,402.4983305375465
MA-A2C,44,,145000,402.6914000059713
MA-A2C,44,,146000,402.83099620602894
MA-A2C,44,,147000,403.0071442493983
MA-A2C,44,,148000,403.0404909157602
MA-A2C,44,,149000,403.3220334160698
MA-A2C,44,,150000,403.2633875384904
MA-A2C,44,,151000,403.3342165581385
MA-A2C,44,,152000,403.5373260056504
MA-A2C,44,,153000,403.3501606200708
MA-A2C,44,,154000,403.3559926580516
MA-A2C,44,,155000,403.3234830815615
MA-A2C,44,,156000,403.3917824763984
MA-A2C,44,,157000,403.226882808043
MA-A2C,44,,158000,403.09536090827055
MA-A2C,44,,159000,402.7931336479495
MA-A2C,44,,160000,402.5057958441111
MA-A2C,44,,161000,402.47909686911294
MA-A2C,44,,162000,402.3516972967497
MA-A2C,44,,163000,402.21611203691725
MA-A2C,44,,164000,401.8960164962466
MA-A2C,44,,165000,401.7991595282765
MA-A2C,44,,166000,401.8094719876252
MA-A2C,44,,167000,401.7982679074199
MA-A2C,44,,168000,401.8981058526351
MA-A2C,44,,169000,401.5249269904709
MA-A2C,44,,170000,401.3784526778047
MA-A2C,44,,171000,401.3468640294964
MA-A2C,44,,172000,400.8618412376113
MA-A2C,44,,173000,400.78598356874966
MA-A2C,44,,174000,400.37853730252914
MA-A2C,44,,175000,399.9090039456452
MA-A2C,44,,176000,399.60228459315016
MA-A2C,44,,177000,399.6127012766985
MA-A2C,44,,178000,399.2972311295873
MA-A2C,44,,179000,399.2159115442329
MA-A2C,44,,180000,399.13600309159744
MA-A2C,44,,181000,399.0647212368227
MA-A2C,44,,182000,398.92857628980767
MA-A2C,44,,183000,398.67517672870775
MA-A2C,44,,184000,398.4374812827469
MA-A2C,44,,185000,398.1470694053276
MA-A2C,44,,186000,397.8939116658232
MA-A2C,44,,187000,397.604990344501
MA-A2C,44,,188000,397.0744917699306
MA-A2C,44,,189000,397.06218463151015
MA-A2C,44,,190000,397.1179286832525
MA-A2C,44,,191000,397.1404280224318
MA-A2C,44,,192000,397.383040511867
MA-A2C,44,,193000,397.3127648344941
MA-A2C,44,,194000,397.50848757929214
MA-A2C,44,,195000,397.5863783403054
MA-A2C,44,,196000,397.8359056146375
MA-A2C,44,,197000,397.83164812720594
MA-A2C,44,,198000,398.0212002109336
MA-A2C,44,,199000,398.1723344026717
MA-A2C,44,,200000,398.31958190178665
Ours,42,,1000,31.76841192286803
Ours,42,,2000,37.25839210258386
Ours,42,,3000,43.665477580348245
Ours,42,,4000,51.579026228450445
Ours,42,,5000,59.01435621482237
Ours,42,,6000,66.02943833168186
Ours,42,,7000,73.96653587322338
Ours,42,,8000,82.1316873423356
Ours,42,,9000,90.56803556110953
Ours,42,,10000,98.96374306943513
Ours,42,,11000,107.6467491897254
Ours,42,,12000,116.69622021953448
Ours,42,,13000,124.69217694400568
Ours,42,,14000,133.43672012557613
Ours,42,,15000,142.4015983770322
Ours,42,,16000,150.89480095441186
Ours,42,,17000,159.23123687223395
Ours,42,,18000,167.17364958636418
Ours,42,,19000,174.86024238326053
Ours,42,,20000,181.87940867827115
Ours,42,,21000,196.43282250357973
Ours,42,,22000,210.877437816365
Ours,42,,23000,225.01237906853328
Ours,42,,24000,238.1757816247459
Ours,42,,25000,250.88542641849864
Ours,42,,26000,263.3000712066621
Ours,42,,27000,274.9617219390909
Ours,42,,28000,286.2659654999801
Ours,42,,29000,296.48527452480704
Ours,42,,30000,306.1929307529953
Ours,42,,31000,314.7491413933387
Ours,42,,32000,322.53882304656327
Ours,42,,33000,329.9793248617964
Ours,42,,34000,336.2469964005076
Ours,42,,35000,341.54627713045176
Ours,42,,36000,346.25575139987376
Ours,42,,37000,350.4174531318243
Ours,42,,38000,353.99445613355937
Ours,42,,39000,357.11582840284706
Ours,42,,40000,360.2095041959943
Ours,42,,41000,362.9351239411224
Ours,42,,42000,365.4295451160909
Ours,42,,43000,367.68247681884617
Ours,42,,44000,370.0043052959582
Ours,42,,45000,372.2416859048312
Ours,42,,46000,374.11803126438144
Ours,42,,47000,375.8713931719814
Ours,42,,48000,377.17611271382106
Ours,42,,49000,378.69992417587054
Ours,42,,50000,379.8819043977072
Ours,42,,51000,381.3130603641889
Ours,42,,52000,382.4258929865368
Ours,42,,53000,383.7460433133864
Ours,42,,54000,384.9087433049034
Ours,42,,55000,386.2114715695145
Ours,42,,56000,387.4485762540932
Ours,42,,57000,388.7356980036623
Ours,42,,58000,389.9988765810115
Ours,42,,59000,391.1729769178982
Ours,42,,60000,392.388524421605
Ours,42,,61000,393.6133363734765
Ours,42,,62000,394.50891416875646
Ours,42,,63000,395.2978814139088
Ours,42,,64000,396.1676922302249
Ours,42,,65000,396.95295304160425
Ours,42,,66000,397.5541660529341
Ours,42,,67000,398.30821703846055
Ours,42,,68000,399.01028090908346
Ours,42,,69000,399.5690349342557
Ours,42,,70000,400.1439183684032
Ours,42,,71000,400.65748629394926
Ours,42,,72000,401.0915675502371
Ours,42,,73000,401.5417168008884
Ours,42,,74000,401.8347984530415
Ours,42,,75000,402.0734451352473
Ours,42,,76000,402.4970850130405
Ours,42,,77000,402.7317730113869
Ours,42,,78000,402.9927406665479
Ours,42,,79000,403.37846820291537
Ours,42,,80000,403.6336361820957
Ours,42,,81000,403.8535449220036
Ours,42,,82000,404.1561318335369
Ours,42,,83000,404.4701861341785
Ours,42,,84000,404.5858571104389
Ours,42,,85000,404.72964346310016
Ours,42,,86000,405.1009994290474
Ours,42,,87000,405.22747140648
Ours,42,,88000,405.25428925099857
Ours,42,,89000,405.40458543655257
Ours,42,,90000,405.4325287387904
Ours,42,,91000,405.43587515026593
Ours,42,,92000,405.6008776537308
Ours,42,,93000,405.6412640856885
Ours,42,,94000,405.973098889496
Ours,42,,95000,406.06033207753376
Ours,42,,96000,406.0064535899574
Ours,42,,97000,406.0672879375927
Ours,42,,98000,406.2284937903594
Ours,42,,99000,406.1254939992328
Ours,42,,100000,406.1920589721192
Ours,42,,101000,406.2563434481697
Ours,42,,102000,406.3545134170535
Ours,42,,103000,406.3857371406936
Ours,42,,104000,406.4791867677671
Ours,42,,105000,406.6144746285878
Ours,42,,106000,406.7740139985976
Ours,42,,107000,406.7719238865941
Ours,42,,108000,406.8498421941002
Ours,42,,109000,406.9792856547247
Ours,42,,110000,407.22518568212496
Ours,42,,111000,407.3484471287344
Ours,42,,112000,407.46908356596185
Ours,42,,113000,407.6560011611933
Ours,42,,114000,407.7712935056117
Ours,42,,115000,407.8324879606124
Ours,42,,116000,407.8198575729304
Ours,42,,117000,407.8801417784304
Ours,42,,118000,407.8589169740037
Ours,42,,119000,408.0003619445734
Ours,42,,120000,407.94398767769184
Ours,42,,121000,407.96473932341
Ours,42,,122000,407.915312590246
Ours,42,,123000,407.9691707245137
Ours,42,,124000,408.0325402386064
Ours,42,,125000,407.9464714458868
Ours,42,,126000,407.9069144066699
Ours,42,,127000,407.9400802575736
Ours,42,,128000,407.8987772546875
Ours,42,,129000,407.784942000935
Ours,42,,130000,407.68257049826695
Ours,42,,131000,407.6523929213624
Ours,42,,132000,407.6425295964106
Ours,42,,133000,407.5346232450328
Ours,42,,134000,407.3122430671772
Ours,42,,135000,407.33158620683935
Ours,42,,136000,407.5042205837485
Ours,42,,137000,407.3980456741761
Ours,42,,138000,407.4064381112569
Ours,42,,139000,407.3821685811269
Ours,42,,140000,407.3577087907455
Ours,42,,141000,407.2126554096524
Ours,42,,142000,407.27610870137073
Ours,42,,143000,407.1719309497317
Ours,42,,144000,407.17774017984806
Ours,42,,145000,407.2314766636636
Ours,42,,146000,407.1159360189175
Ours,42,,147000,407.11030981616
Ours,42,,148000,407.1710362315905
Ours,42,,149000,407.2065860932175
Ours,42,,150000,407.1726359449211
Ours,42,,151000,407.2121471603997
Ours,42,,152000,407.2397277636069
Ours,42,,153000,407.26573155526063
Ours,42,,154000,407.2699464874596
Ours,42,,155000,407.25807529102536
Ours,42,,156000,407.0949813569694
Ours,42,,157000,407.14530923143417
Ours,42,,158000,407.1010442279329
Ours,42,,159000,407.0872526581833
Ours,42,,160000,407.02387225753495
Ours,42,,161000,407.1999793675674
Ours,42,,162000,407.21808702286745
Ours,42,,163000,407.3421394124697
Ours,42,,164000,407.271858469549
Ours,42,,165000,407.1874340120227
Ours,42,,166000,407.364046748001
Ours,42,,167000,407.459771641412
Ours,42,,168000,407.48957278339054
Ours,42,,169000,407.4065269670424
Ours,42,,170000,407.4038785827131
Ours,42,,171000,407.4702500156
Ours,42,,172000,407.47324020652064
Ours,42,,173000,407.5159095882352
Ours,42,,174000,407.5185984070597
Ours,42,,175000,407.4995238330697
Ours,42,,176000,407.6856904067062
Ours,42,,177000,407.8199726255141
Ours,42,,178000,407.8927717257307
Ours,42,,179000,407.846204569201
Ours,42,,180000,407.97510297934406
Ours,42,,181000,407.90439079517824
Ours,42,,182000,407.9184422881679
Ours,42,,183000,407.8973358187628
Ours,42,,184000,407.86084315764566
Ours,42,,185000,407.94551691944366
Ours,42,,186000,407.8040550836297
Ours,42,,187000,407.6015948123202
Ours,42,,188000,407.5729980796182
Ours,42,,189000,407.6877357209546
Ours,42,,190000,407.8033984581217
Ours,42,,191000,407.7289989650849
Ours,42,,192000,407.74383599975937
Ours,42,,193000,407.7577620327913
Ours,42,,194000,407.8028634503946
Ours,42,,195000,407.8251148743461
Ours,42,,196000,407.8384216962101
Ours,42,,197000,407.6627442455499
Ours,42,,198000,407.5453574981802
Ours,42,,199000,407.7679775210412
Ours,42,,200000,407.7765293477088
Ours,43,,1000,27.04476803290133
Ours,43,,2000,37.86568479395391
Ours,43,,3000,45.84551396065584
Ours,43,,4000,53.415894452532754
Ours,43,,5000,60.73857269572295
Ours,43,,6000,68.65754689440216
Ours,43,,7000,77.21805993982359
Ours,43,,8000,85.8817719255051
Ours,43,,9000,94.53453477257128
Ours,43,,10000,103.54272421331126
Ours,43,,11000,111.91078367759592
Ours,43,,12000,120.28268167101736
Ours,43,,13000,128.5579398194111
Ours,43,,14000,137.05659303630043
Ours,43,,15000,145.48713403327756
Ours,43,,16000,153.60286392001044
Ours,43,,17000,161.67836959393605
Ours,43,,18000,169.86177670273344
Ours,43,,19000,177.05688504070915
Ours,43,,20000,184.36595623010757
Ours,43,,21000,199.4471553425284
Ours,43,,22000,213.67658281797048
Ours,43,,23000,227.92408791246763
Ours,43,,24000,241.584179344993
Ours,43,,25000,254.5905684393183
Ours,43,,26000,266.75235965991595
Ours,43,,27000,278.17611928459405
Ours,43,,28000,288.7478679786218
Ours,43,,29000,298.85746332154025
Ours,43,,30000,307.83529630358686
Ours,43,,31000,316.39219347050545
Ours,43,,32000,324.1137243193127
Ours,43,,33000,331.3411013232349
Ours,43,,34000,337.59601967847743
Ours,43,,35000,343.1228642296413
Ours,43,,36000,348.13538673797905
Ours,43,,37000,352.38214866967604
Ours,43,,38000,355.7521436629499
Ours,43,,39000,359.1929549913113
Ours,43,,40000,362.0521181432219
Ours,43,,41000,364.5521421047314
Ours,43,,42000,366.8653452320961
Ours,43,,43000,368.42843946247046
Ours,43,,44000,370.0514337726034
Ours,43,,45000,371.5741732387386
Ours,43,,46000,373.12760982487146
Ours,43,,47000,374.4881998400172
Ours,43,,48000,375.85511563189016
Ours,43,,49000,376.870668636735
Ours,43,,50000,378.0379155092024
Ours,43,,51000,379.0113393546704
Ours,43,,52000,379.99019179261927
Ours,43,,53000,380.7510141984353
Ours,43,,54000,381.63231724918455
Ours,43,,55000,382.4266638214126
Ours,43,,56000,383.2173915618754
Ours,43,,57000,384.010435452633
Ours,43,,58000,384.70567844852087
Ours,43,,59000,385.4712424516726
Ours,43,,60000,385.9815432866927
Ours,43,,61000,386.7821343231213
Ours,43,,62000,387.5217995605222
Ours,43,,63000,388.4729455149494
Ours,43,,64000,389.2747116222719
Ours,43,,65000,390.1144117914275
Ours,43,,66000,390.8047898388701
Ours,43,,67000,391.6388232699832
Ours,43,,68000,392.3403436272554
Ours,43,,69000,392.9330387169383
Ours,43,,70000,393.54633147078016
Ours,43,,71000,394.2281716923587
Ours,43,,72000,395.0478647019086
Ours,43,,73000,395.8455791723677
Ours,43,,74000,396.73339239120605
Ours,43,,75000,397.5316511440153
Ours,43,,76000,398.3669953702161
Ours,43,,77000,399.279711502097
Ours,43,,78000,400.0885720806604
Ours,43,,79000,401.0575569876845
Ours,43,,80000,402.013374931846
Ours,43,,81000,402.8441410553149
Ours,43,,82000,403.5291829733163
Ours,43,,83000,404.1282426294271
Ours,43,,84000,404.8398471310773
Ours,43,,85000,405.5520466890701
Ours,43,,86000,406.36505022330994
Ours,43,,87000,406.97405102279527
Ours,43,,88000,407.8055999281635
Ours,43,,89000,408.64446703252975
Ours,43,,90000,409.493131759774
Ours,43,,91000,410.27612342411226
Ours,43,,92000,410.9083369491839
Ours,43,,93000,411.5284729923138
Ours,43,,94000,411.9797744898692
Ours,43,,95000,412.7187581211285
Ours,43,,96000,413.34277133351554
Ours,43,,97000,413.8356240495816
Ours,43,,98000,414.4504463622624
Ours,43,,99000,414.9128475151252
Ours,43,,100000,415.4209250221761
Ours,43,,101000,416.02102286779535
Ours,43,,102000,416.72761083748657
Ours,43,,103000,417.2889998811356
Ours,43,,104000,417.65597475905815
Ours,43,,105000,418.12319290418674
Ours,43,,106000,418.4573829586142
Ours,43,,107000,418.9662377486885
Ours,43,,108000,419.3588591753243
Ours,43,,109000,419.7752538597649
Ours,43,,110000,420.1982175930833
Ours,43,,111000,420.609313764547
Ours,43,,112000,421.02669226428674
Ours,43,,113000,421.2848354913451
Ours,43,,114000,421.5747571995416
Ours,43,,115000,421.7781265179712
Ours,43,,116000,422.0019038489037
Ours,43,,117000,422.2915478268604
Ours,43,,118000,422.4927547162726
Ours,43,,119000,422.7328606083561
Ours,43,,120000,422.8951889223063
Ours,43,,121000,422.9813968416764
Ours,43,,122000,423.0266753220853
Ours,43,,123000,423.12983307496256
Ours,43,,124000,423.4016369478149
Ours,43,,125000,423.6471621025976
Ours,43,,126000,423.8843319120067
Ours,43,,127000,423.901210154883
Ours,43,,128000,423.9021671177476
Ours,43,,129000,423.9130318036088
Ours,43,,130000,424.0064245620701
Ours,43,,131000,424.0476214123048
Ours,43,,132000,424.17373716671295
Ours,43,,133000,424.34961371376914
Ours,43,,134000,424.369014652203
Ours,43,,135000,424.36969861593576
Ours,43,,136000,424.4012053740839
Ours,43,,137000,424.3653250643659
Ours,43,,138000,424.540294019233
Ours,43,,139000,424.5823187512007
Ours,43,,140000,424.6041748803096
Ours,43,,141000,424.5682732969864
Ours,43,,142000,424.6916292218396
Ours,43,,143000,424.8390498748946
Ours,43,,144000,424.78774275424513
Ours,43,,145000,424.7327766975126
Ours,43,,146000,424.7678564434817
Ours,43,,147000,424.776248447596
Ours,43,,148000,424.7378889491058
Ours,43,,149000,424.8560531498275
Ours,43,,150000,424.70997928167327
Ours,43,,151000,424.726234866837
Ours,43,,152000,424.6391710262211
Ours,43,,153000,424.7860784591996
Ours,43,,154000,424.8001117443571
Ours,43,,155000,424.7777497021489
Ours,43,,156000,424.6642959940951
Ours,43,,157000,424.61364090764073
Ours,43,,158000,424.60957018075095
Ours,43,,159000,424.6236929885935
Ours,43,,160000,424.70906212938746
Ours,43,,161000,424.7522172950361
Ours,43,,162000,424.735788941268
Ours,43,,163000,424.7535719855324
Ours,43,,164000,424.7042422706334
Ours,43,,165000,424.7272569353005
Ours,43,,166000,424.6137598349131
Ours,43,,167000,424.67833517788
Ours,43,,168000,424.8700432636511
Ours,43,,169000,424.8146242115319
Ours,43,,170000,424.9071762797148
Ours,43,,171000,425.0053166109312
Ours,43,,172000,424.9111475722701
Ours,43,,173000,424.7741567592846
Ours,43,,174000,424.7999273527656
Ours,43,,175000,424.7463380464864
Ours,43,,176000,424.8465419079076
Ours,43,,177000,425.0336109200304
Ours,43,,178000,424.9629352915589
Ours,43,,179000,424.8166218861719
Ours,43,,180000,424.7607528743792
Ours,43,,181000,424.71187948029655
Ours,43,,182000,424.7265357735525
Ours,43,,183000,424.6563695510189
Ours,43,,184000,424.7033796301884
Ours,43,,185000,424.8216513146773
Ours,43,,186000,424.9801601784269
Ours,43,,187000,425.0055378291328
Ours,43,,188000,424.8263673301879
Ours,43,,189000,424.8063517911719
Ours,43,,190000,424.6466558817958
Ours,43,,191000,424.5015189624994
Ours,43,,192000,424.5385613515077
Ours,43,,193000,424.5307615397493
Ours,43,,194000,424.5509450997389
Ours,43,,195000,424.7003016213312
Ours,43,,196000,424.6357958609212
Ours,43,,197000,424.5061873738476
Ours,43,,198000,424.456961435508
Ours,43,,199000,424.6202527942834
Ours,43,,200000,424.664214380821
Ours,44,,1000,25.369788526377665
Ours,44,,2000,35.34851267297524
Ours,44,,3000,45.960232782354645
Ours,44,,4000,53.973620795269824
Ours,44,,5000,63.29934897908159
Ours,44,,6000,72.27584614608614
Ours,44,,7000,80.96706094372082
Ours,44,,8000,88.61292279612084
Ours,44,,9000,96.88570658647332
Ours,44,,10000,105.58313676861177
Ours,44,,11000,113.78813383820084
Ours,44,,12000,122.31976721659665
Ours,44,,13000,131.19628794252708
Ours,44,,14000,139.9639924150016
Ours,44,,15000,148.9454691788374
Ours,44,,16000,157.57379999437688
Ours,44,,17000,166.08596002868475
Ours,44,,18000,174.06930595099993
Ours,44,,19000,181.79899549322488
Ours,44,,20000,189.01539071529555
Ours,44,,21000,204.48864399243504
Ours,44,,22000,219.29518332643832
Ours,44,,23000,233.2649417429772
Ours,44,,24000,246.84268570398945
Ours,44,,25000,259.2931960236121
Ours,44,,26000,271.1414656037069
Ours,44,,27000,282.2817770016365
Ours,44,,28000,293.3303014072378
Ours,44,,29000,303.54959652178627
Ours,44,,30000,312.749125336362
Ours,44,,31000,321.6282839208691
Ours,44,,32000,329.391674562282
Ours,44,,33000,336.2177640016239
Ours,44,,34000,342.4080527250065
Ours,44,,35000,347.61315038679254
Ours,44,,36000,352.28307413837086
Ours,44,,37000,356.1389788529686
Ours,44,,38000,359.80915939351144
Ours,44,,39000,362.8466646535965
Ours,44,,40000,365.8004831018982
Ours,44,,41000,368.4114036159249
Ours,44,,42000,370.70315480857215
Ours,44,,43000,372.99944013173246
Ours,44,,44000,375.0932515300544
Ours,44,,45000,377.33140052964137
Ours,44,,46000,379.3791204416526
Ours,44,,47000,381.4364579953147
Ours,44,,48000,383.25598012605616
Ours,44,,49000,384.8227330979291
Ours,44,,50000,386.484322731424
Ours,44,,51000,387.8426915792284
Ours,44,,52000,389.4253720201191
Ours,44,,53000,390.93181691741023
Ours,44,,54000,392.221619680637
Ours,44,,55000,393.6686697741463
Ours,44,,56000,395.1768434952223
Ours,44,,57000,396.7315416293053
Ours,44,,58000,398.2748387802196
Ours,44,,59000,399.8084644318528
Ours,44,,60000,401.1078778860924
Ours,44,,61000,402.4025593610934
Ours,44,,62000,403.69368598948125
Ours,44,,63000,404.8625080287356
Ours,44,,64000,406.1429192765565
Ours,44,,65000,407.21532416363993
Ours,44,,66000,408.2437195357368
Ours,44,,67000,409.33635907870826
Ours,44,,68000,410.4334736754506
Ours,44,,69000,411.53985352258417
Ours,44,,70000,412.5279780094127
Ours,44,,71000,413.5908525534424
Ours,44,,72000,414.47633303856094
Ours,44,,73000,415.23510449579015
Ours,44,,74000,416.0694682978967
Ours,44,,75000,416.8164451607632
Ours,44,,76000,417.277570898951
Ours,44,,77000,417.84549848165386
Ours,44,,78000,418.1289623683593
Ours,44,,79000,418.5727073162015
Ours,44,,80000,419.2216340314402
Ours,44,,81000,419.71609532973895
Ours,44,,82000,420.2204173417071
Ours,44,,83000,420.6151328852276
Ours,44,,84000,420.9256914427762
Ours,44,,85000,421.24757586823927
Ours,44,,86000,421.6183394087144
Ours,44,,87000,421.8857905334541
Ours,44,,88000,421.9792427656176
Ours,44,,89000,422.1275124823686
Ours,44,,90000,422.3999350723543
Ours,44,,91000,422.447963796727
Ours,44,,92000,422.59517594336575
Ours,44,,93000,422.83828026197983
Ours,44,,94000,422.9962094300622
Ours,44,,95000,423.10713712163846
Ours,44,,96000,423.27590013994194
Ours,44,,97000,423.4359793441906
Ours,44,,98000,423.659440134674
Ours,44,,99000,423.9185879048301
Ours,44,,100000,423.88246534863146
Ours,44,,101000,423.89096043930016
Ours,44,,102000,423.9012115303224
Ours,44,,103000,423.9158534871052
Ours,44,,104000,423.9860114000169
Ours,44,,105000,424.2239822672769
Ours,44,,106000,424.25147964020175
Ours,44,,107000,424.2854560182544
Ours,44,,108000,424.2451798711217
Ours,44,,109000,424.287822252556
Ours,44,,110000,424.3052369717212
Ours,44,,111000,424.3550251367511
Ours,44,,112000,424.2993571744833
Ours,44,,113000,424.29372796436064
Ours,44,,114000,424.3030082626781
Ours,44,,115000,424.3324192593248
Ours,44,,116000,424.42066143117785
Ours,44,,117000,424.3815487652121
Ours,44,,118000,424.35044864515737
Ours,44,,119000,424.2453868338607
Ours,44,,120000,424.2772015241828
Ours,44,,121000,424.3058547317344
Ours,44,,122000,424.3768437885815
Ours,44,,123000,424.293050738262
Ours,44,,124000,424.2648471490817
Ours,44,,125000,424.1673277496848
Ours,44,,126000,424.1603128838769
Ours,44,,127000,424.1750461076933
Ours,44,,128000,424.29735224904914
Ours,44,,129000,424.2117957191042
Ours,44,,130000,424.10364986405216
Ours,44,,131000,424.0557602652064
Ours,44,,132000,424.1112520493066
Ours,44,,133000,424.1754970239679
Ours,44,,134000,424.2073627716704
Ours,44,,135000,424.14684245581407
Ours,44,,136000,424.0941692707274
Ours,44,,137000,424.0454280707607
Ours,44,,138000,424.1187561319877
Ours,44,,139000,424.2221608993604
Ours,44,,140000,424.24377956814953
Ours,44,,141000,424.1569536958479
Ours,44,,142000,424.1587751552409
Ours,44,,143000,424.25010190430623
Ours,44,,144000,424.3540214879527
Ours,44,,145000,424.36170193357225
Ours,44,,146000,424.35126697990063
Ours,44,,147000,424.2835458495723
Ours,44,,148000,424.2431837077245
Ours,44,,149000,424.4265142692588
Ours,44,,150000,424.41720852297067
Ours,44,,151000,424.4476999672092
Ours,44,,152000,424.5537436478155
Ours,44,,153000,424.5365102065776
Ours,44,,154000,424.58211181045806
Ours,44,,155000,424.6288645371679
Ours,44,,156000,424.691988221554
Ours,44,,157000,424.7066919327224
Ours,44,,158000,424.6868368181546
Ours,44,,159000,424.552889479588
Ours,44,,160000,424.5082673313895
Ours,44,,161000,424.7058626555917
Ours,44,,162000,424.8015271005601
Ours,44,,163000,424.8278595254173
Ours,44,,164000,424.7644544141292
Ours,44,,165000,424.7264195111732
Ours,44,,166000,424.7828394041543
Ours,44,,167000,424.8680978076304
Ours,44,,168000,424.9877947813473
Ours,44,,169000,424.8467083895286
Ours,44,,170000,424.8867773016373
Ours,44,,171000,425.0066534804784
Ours,44,,172000,424.8831030541021
Ours,44,,173000,424.792990538502
Ours,44,,174000,424.7265146413738
Ours,44,,175000,424.6698276405384
Ours,44,,176000,424.7045795042189
Ours,44,,177000,424.9246563414035
Ours,44,,178000,424.953787119912
Ours,44,,179000,425.0849601584468
Ours,44,,180000,425.1383623514754
Ours,44,,181000,425.22201649019104
Ours,44,,182000,425.1580721997328
Ours,44,,183000,425.2338716602902
Ours,44,,184000,425.2828171648383
Ours,44,,185000,425.3581061088991
Ours,44,,186000,425.43312305176266
Ours,44,,187000,425.4301472597641
Ours,44,,188000,425.3334191050233
Ours,44,,189000,425.4196568492888
Ours,44,,190000,425.4502435183022
Ours,44,,191000,425.41462478354185
Ours,44,,192000,425.5593659567816
Ours,44,,193000,425.6773886095645
Ours,44,,194000,425.772132846102
Ours,44,,195000,425.8284975003101
Ours,44,,196000,425.8846037548449
Ours,44,,197000,425.7911051522352
Ours,44,,198000,425.731814084032
Ours,44,,199000,425.66545285712016
Ours,44,,200000,425.6883577205382
