algorithm,env_steps,n_seeds,return_mean,return_sd
Cent-PPO,1000.0,3,7.2320030522012,0.5502629912331013
Cent-PPO,2000.0,3,7.815619666554394,0.37389475423769925
Cent-PPO,3000.0,3,8.937634680032424,0.4692295451688277
Cent-PPO,4000.0,3,9.786435484149312,0.2941668820762553
Cent-PPO,5000.0,3,10.57947323299335,0.22917436174256084
Cent-PPO,6000.0,3,11.466045593282951,0.2226869513678488
Cent-PPO,7000.0,3,12.330756218517806,0.22026336884625475
Cent-PPO,8000.0,3,13.229693568585544,0.16332376985498212
Cent-PPO,9000.0,3,14.175431225783528,0.2204135710748446
Cent-PPO,10000.0,3,15.156077688746342,0.20154264328178376
Cent-PPO,11000.0,3,16.036669347881084,0.2526907031679333
Cent-PPO,12000.0,3,17.078332019525906,0.3104741645491039
Cent-PPO,13000.0,3,17.99023141642469,0.3816055862450946
Cent-PPO,14000.0,3,18.911254576682975,0.47060319548237833
Cent-PPO,15000.0,3,19.8744262725646,0.4056027295811955
Cent-PPO,16000.0,3,20.800754775681646,0.4208042099759392
Cent-PPO,17000.0,3,21.766177513291527,0.44506533343487
Cent-PPO,18000.0,3,22.71639286062962,0.44055277690363737
Cent-PPO,19000.0,3,23.78783406520958,0.3560811945003361
Cent-PPO,20000.0,3,24.779360970299496,0.356608481197109
Cent-PPO,21000.0,3,26.665461496803502,0.31382352269151376
Cent-PPO,22000.0,3,28.667071260630422,0.2709957164245889
Cent-PPO,23000.0,3,30.59224841633154,0.4351312326624074
Cent-PPO,24000.0,3,32.64807063840101,0.4431266543962826
Cent-PPO,25000.0,3,34.72985484509471,0.4091492891848067
Cent-PPO,26000.0,3,36.846669730351614,0.3961124500160858
Cent-PPO,27000.0,3,38.97464380204463,0.4298430565620528
Cent-PPO,28000.0,3,41.18296945286644,0.4018533930258668
Cent-PPO,29000.0,3,43.349175890958776,0.4353230535572692
Cent-PPO,30000.0,3,45.447429090080504,0.40519168555250135
Cent-PPO,31000.0,3,47.58476300520824,0.39025041004871924
Cent-PPO,32000.0,3,49.653012994243475,0.43017966526898366
Cent-PPO,33000.0,3,51.76939489889722,0.43363203719883525
Cent-PPO,34000.0,3,53.91175792823699,0.5240528544557099
Cent-PPO,35000.0,3,55.97936164700968,0.5738951634353128
Cent-PPO,36000.0,3,58.0457778482858,0.6254077982791832
Cent-PPO,37000.0,3,60.06144423699258,0.6606987136209768
Cent-PPO,38000.0,3,62.033607379760575,0.7268342550511202
Cent-PPO,39000.0,3,63.832140126989394,0.7465142293372673
Cent-PPO,40000.0,3,65.677380320343,0.8223586518930364
Cent-PPO,41000.0,3,67.49470793992282,0.8393146279379337
Cent-PPO,42000.0,3,69.1841028747409,0.8294420509875079
Cent-PPO,43000.0,3,70.85770456688108,0.9008677312250593
Cent-PPO,44000.0,3,72.36731892783494,0.9730830377895279
Cent-PPO,45000.0,3,73.81979289350312,1.0680704029778931
Cent-PPO,46000.0,3,75.15780539103139,1.0781483100875755
Cent-PPO,47000.0,3,76.46232412685244,1.127505701677356
Cent-PPO,48000.0,3,77.61362354593344,1.0984184210000734
Cent-PPO,49000.0,3,78.72987461160993,1.0586153580109643
Cent-PPO,50000.0,3,79.78866832988746,1.1422843109856438
Cent-PPO,51000.0,3,80.79423935641445,1.12812640037214
Cent-PPO,52000.0,3,81.69612629431873,1.1173376145182192
Cent-PPO,53000.0,3,82.52398177350659,1.1214452561627053
Cent-PPO,54000.0,3,83.27836771534156,1.0623188340893241
Cent-PPO,55000.0,3,84.00882293901377,1.0716999131198706
Cent-PPO,56000.0,3,84.68560050558928,1.081921149259689
Cent-PPO,57000.0,3,85.33329603233057,1.081994317893963
Cent-PPO,58000.0,3,85.93670468126699,1.1440200582602993
Cent-PPO,59000.0,3,86.49927046896313,1.1279228754380612
Cent-PPO,60000.0,3,86.98308405308593,1.1234785446489726
Cent-PPO,61000.0,3,87.47172130481287,1.1125421822449126
Cent-PPO,62000.0,3,87.90453311131263,1.1125813839797574
Cent-PPO,63000.0,3,88.31449843917001,1.0595985221169255
Cent-PPO,64000.0,3,88.73087914764312,1.0935510388063918
Cent-PPO,65000.0,3,89.08929013435898,1.053369158713548
Cent-PPO,66000.0,3,89.4119824579464,1.0327537447252886
Cent-PPO,67000.0,3,89.73825812246933,1.0160352589996566
Cent-PPO,68000.0,3,90.04535874514363,1.0367121243980943
Cent-PPO,69000.0,3,90.3002921876457,1.0691155271160444
Cent-PPO,70000.0,3,90.57301897524819,1.108981158586835
Cent-PPO,71000.0,3,90.81727948134528,1.1594436163897601
Cent-PPO,72000.0,3,91.05918703939174,1.1766445476064333
Cent-PPO,73000.0,3,91.3280253105939,1.143037284552851
Cent-PPO,74000.0,3,91.5450881249576,1.1624566694439415
Cent-PPO,75000.0,3,91.74809577437094,1.1533018220195181
Cent-PPO,76000.0,3,91.97904255649878,1.112760846331771
Cent-PPO,77000.0,3,92.16689595244718,1.106308186305022
Cent-PPO,78000.0,3,92.30060138864413,1.0521375127556118
Cent-PPO,79000.0,3,92.5134622403175,1.00629458486878
Cent-PPO,80000.0,3,92.7381635525814,0.9751796972805572
Cent-PPO,81000.0,3,92.92721878120608,0.9882135330172038
Cent-PPO,82000.0,3,93.10068798127247,0.9985238835181867
Cent-PPO,83000.0,3,93.27614296031162,1.0164167570034344
Cent-PPO,84000.0,3,93.414302515615,1.0198010570509932
Cent-PPO,85000.0,3,93.57922671406537,1.0374317117295853
Cent-PPO,86000.0,3,93.76293505427815,1.0389690753873502
Cent-PPO,87000.0,3,93.89419734534135,1.0748106442820955
Cent-PPO,88000.0,3,94.02356082114159,1.06669785702642
Cent-PPO,89000.0,3,94.1700182296395,1.0649330555109144
Cent-PPO,90000.0,3,94.32020129245983,1.0549041121779723
Cent-PPO,91000.0,3,94.4661213650014,1.051944895448097
Cent-PPO,92000.0,3,94.60875644307974,1.0237437150663105
Cent-PPO,93000.0,3,94.73814583851417,1.0422127355839326
Cent-PPO,94000.0,3,94.88072858598291,1.056355061930578
Cent-PPO,95000.0,3,95.0394881832677,1.0592888569950951
Cent-PPO,96000.0,3,95.1433018162967,1.0844199448548957
Cent-PPO,97000.0,3,95.26673208773764,1.0935095794239527
Cent-PPO,98000.0,3,95.44546275809309,1.1088722761838519
Cent-PPO,99000.0,3,95.5483613260891,1.1530562378672022
Cent-PPO,100000.0,3,95.66150174396319,1.1473059548830944
Cent-PPO,101000.0,3,95.7662567462166,1.1179094749430425
Cent-PPO,102000.0,3,95.90690629865817,1.0839642586008855
Cent-PPO,103000.0,3,96.01147125964951,1.0792895528528608
Cent-PPO,104000.0,3,96.13330815955975,1.082872023735752
Cent-PPO,105000.0,3,96.27815125341579,1.0894444940894519
Cent-PPO,106000.0,3,96.39580248123917,1.0668695735478133
Cent-PPO,107000.0,3,96.5226187152304,1.0539559309863924
Cent-PPO,108000.0,3,96.63008605267174,1.029096834612695
Cent-PPO,109000.0,3,96.77111572188471,1.0123590433177025
Cent-PPO,110000.0,3,96.9141509108012,0.986979688988799
Cent-PPO,111000.0,3,97.03942136237934,0.950928953054102
Cent-PPO,112000.0,3,97.16196267386958,0.934573499541488
Cent-PPO,113000.0,3,97.27472816219387,0.9189434398793586
Cent-PPO,114000.0,3,97.39528549266119,0.9027914042932046
Cent-PPO,115000.0,3,97.49525346627699,0.9047621011472997
Cent-PPO,116000.0,3,97.61528463545851,0.9034049704877767
Cent-PPO,117000.0,3,97.71336724525952,0.8996587070479223
Cent-PPO,118000.0,3,97.81187910226481,0.9031825785236448
Cent-PPO,119000.0,3,97.92434530699451,0.8580040965468388
Cent-PPO,120000.0,3,98.02404777970168,0.8727604409562895
Cent-PPO,121000.0,3,98.13596884884606,0.8835971629844199
Cent-PPO,122000.0,3,98.23705197297114,0.9049504334151188
Cent-PPO,123000.0,3,98.33280747249346,0.8737980119402852
Cent-PPO,124000.0,3,98.4465276058113,0.8523713960442151
Cent-PPO,125000.0,3,98.55303136060996,0.8450690203743024
Cent-PPO,126000.0,3,98.66433224019094,0.8480365962979557
Cent-PPO,127000.0,3,98.75783997312148,0.829789715385197
Cent-PPO,128000.0,3,98.87181615141208,0.8478909525682129
Cent-PPO,129000.0,3,98.95171358984486,0.8501836431429828
Cent-PPO,130000.0,3,99.0367932025955,0.8465311181488925
Cent-PPO,131000.0,3,99.12368299660568,0.8458202371192654
Cent-PPO,132000.0,3,99.23745585353716,0.8614980730011131
Cent-PPO,133000.0,3,99.35283159467616,0.8965751546458708
Cent-PPO,134000.0,3,99.43949677823463,0.934978073286732
Cent-PPO,135000.0,3,99.53350606947062,0.8965598870548438
Cent-PPO,136000.0,3,99.62472105864786,0.8776216820024499
Cent-PPO,137000.0,3,99.70865015382742,0.8640069624773167
Cent-PPO,138000.0,3,99.82105346141208,0.8618972652256051
Cent-PPO,139000.0,3,99.91844023137361,0.8795675080561214
Cent-PPO,140000.0,3,99.99570068309305,0.8804810381402681
Cent-PPO,141000.0,3,100.0552973925861,0.876860239776092
Cent-PPO,142000.0,3,100.1491270015628,0.8721505144238036
Cent-PPO,143000.0,3,100.25619963041318,0.9043274676056589
Cent-PPO,144000.0,3,100.34046430036138,0.9246170709261908
Cent-PPO,145000.0,3,100.40428473948202,0.9064602236086559
Cent-PPO,146000.0,3,100.48015387639863,0.9204011478371836
Cent-PPO,147000.0,3,100.54563015892523,0.9364491439240794
Cent-PPO,148000.0,3,100.608327985661,0.9025174515058024
Cent-PPO,149000.0,3,100.70972673089277,0.9013032281117894
Cent-PPO,150000.0,3,100.77249432384427,0.8825322548090693
Cent-PPO,151000.0,3,100.84946829823123,0.861262643254342
Cent-PPO,152000.0,3,100.92084800283511,0.8417014991533184
Cent-PPO,153000.0,3,101.00719280868674,0.8247753440861555
Cent-PPO,154000.0,3,101.07804259994475,0.822771031900138
Cent-PPO,155000.0,3,101.15656935410486,0.8191079939727604
Cent-PPO,156000.0,3,101.21748349473228,0.8127129698701921
Cent-PPO,157000.0,3,101.29408565245437,0.8009530043748414
Cent-PPO,158000.0,3,101.35163176983804,0.795609932934081
Cent-PPO,159000.0,3,101.41487069978234,0.7947207765250329
Cent-PPO,160000.0,3,101.47916838151475,0.8127503439761491
Cent-PPO,161000.0,3,101.59670338271262,0.7751699302515147
Cent-PPO,162000.0,3,101.67337599426817,0.7787430485557151
Cent-PPO,163000.0,3,101.74648039953797,0.7734293140705955
Cent-PPO,164000.0,3,101.79602733421639,0.7831943801027922
Cent-PPO,165000.0,3,101.85618514983157,0.7977931599669784
Cent-PPO,166000.0,3,101.91931468191574,0.7724341390018936
Cent-PPO,167000.0,3,102.01086528900821,0.7792185181645112
Cent-PPO,168000.0,3,102.11057249321668,0.8129627762684107
Cent-PPO,169000.0,3,102.13953491285565,0.8372651553690521
Cent-PPO,170000.0,3,102.1967682584365,0.8684591406680868
Cent-PPO,171000.0,3,102.28463737077509,0.8878785039187918
Cent-PPO,172000.0,3,102.31673620240444,0.9033625387181726
Cent-PPO,173000.0,3,102.34658031576016,0.9030685056159122
Cent-PPO,174000.0,3,102.39003713346364,0.9342461436761723
Cent-PPO,175000.0,3,102.40879125225341,0.966974683979137
Cent-PPO,176000.0,3,102.47878081829772,0.9718888612771664
Cent-PPO,177000.0,3,102.5705945205935,0.9858485817343715
Cent-PPO,178000.0,3,102.60847457487688,0.9920557678909467
Cent-PPO,179000.0,3,102.62805349499025,0.9757513322145768
Cent-PPO,180000.0,3,102.67736911957292,0.9687740184005939
Cent-PPO,181000.0,3,102.693612921775,0.9742579858271183
Cent-PPO,182000.0,3,102.71031546102063,0.9859002320716108
Cent-PPO,183000.0,3,102.73559855511105,0.9795749688784114
Cent-PPO,184000.0,3,102.76197998682244,0.9973423086634781
Cent-PPO,185000.0,3,102.7992862278519,1.0323907833001043
Cent-PPO,186000.0,3,102.81680001578407,1.0835726394290954
Cent-PPO,187000.0,3,102.81430649812603,1.1118864724690802
Cent-PPO,188000.0,3,102.78762687143228,1.1068308586664137
Cent-PPO,189000.0,3,102.82296630249573,1.0871316875865298
Cent-PPO,190000.0,3,102.84231612680514,1.0670886202659646
Cent-PPO,191000.0,3,102.83762203931745,1.06000338181157
Cent-PPO,192000.0,3,102.87099745480191,1.058298100693348
Cent-PPO,193000.0,3,102.90298387040319,1.0596848791762192
Cent-PPO,194000.0,3,102.93035276440152,1.060473349450084
Cent-PPO,195000.0,3,102.96355933621054,1.0845185458411097
Cent-PPO,196000.0,3,102.96691065884268,1.0859933695094781
Cent-PPO,197000.0,3,102.93838189013714,1.108644100070652
Cent-PPO,198000.0,3,102.93538051627154,1.1228145935086198
Cent-PPO,199000.0,3,102.98163449011456,1.1594408984973188
Cent-PPO,200000.0,3,103.00788336435431,1.1734333531207526
MAPPO,1000.0,3,37.66725947375266,12.005528232754186
MAPPO,2000.0,3,47.99086099183355,9.963773088618577
MAPPO,3000.0,3,56.14859836323922,10.254026830710881
MAPPO,4000.0,3,64.34217865069022,9.610662822918787
MAPPO,5000.0,3,71.57658463964495,9.26306397260687
MAPPO,6000.0,3,79.62143689137518,8.705910682378086
MAPPO,7000.0,3,87.46270505693268,9.507748910043148
MAPPO,8000.0,3,95.31600878439944,10.5128306468791
MAPPO,9000.0,3,102.74118963651848,11.599469638020619
MAPPO,10000.0,3,110.64097719078079,12.028282846438977
MAPPO,11000.0,3,118.52651994852856,12.243716140632408
MAPPO,12000.0,3,126.29938372053999,12.483261904244268
MAPPO,13000.0,3,134.12695369588732,12.600745381794008
MAPPO,14000.0,3,142.10978721789238,12.461709355329317
MAPPO,15000.0,3,150.5760098746811,11.915560060482122
MAPPO,16000.0,3,158.70117100449892,11.536133949803109
MAPPO,17000.0,3,166.72444286651458,11.173049239066735
MAPPO,18000.0,3,174.28084846931998,10.703377381168734
MAPPO,19000.0,3,181.38705301664348,10.302652638911379
MAPPO,20000.0,3,188.1837675798282,9.99619734373935
MAPPO,21000.0,3,202.45479380216446,9.685387265806218
MAPPO,22000.0,3,215.9527869030991,9.372962691585405
MAPPO,23000.0,3,229.1549965897768,8.714144829360665
MAPPO,24000.0,3,241.8105303492705,8.01989295440872
MAPPO,25000.0,3,253.9238859575429,7.423511846623168
MAPPO,26000.0,3,265.38100882179145,6.898568872862501
MAPPO,27000.0,3,276.06861389577836,6.266469876022929
MAPPO,28000.0,3,286.2409064966249,5.406342071858691
MAPPO,29000.0,3,295.93350337110024,4.181043276445365
MAPPO,30000.0,3,304.75262933250616,3.324027548744896
MAPPO,31000.0,3,312.90882631282653,2.5311871517802675
MAPPO,32000.0,3,320.4645619257731,2.099582626090276
MAPPO,33000.0,3,327.3322226847597,1.9020452131059935
MAPPO,34000.0,3,333.416678617485,1.8468361376332576
MAPPO,35000.0,3,338.3934579153288,2.1512420514947244
MAPPO,36000.0,3,342.95310567848605,2.055147761569398
MAPPO,37000.0,3,346.84772394577845,2.3921944191046443
MAPPO,38000.0,3,350.38248910716476,2.447873967431741
MAPPO,39000.0,3,353.53708155476596,2.644297229269805
MAPPO,40000.0,3,356.5108656472266,2.717061999682308
MAPPO,41000.0,3,359.2155793861221,2.8396783589530545
MAPPO,42000.0,3,361.765461262652,2.96903780824978
MAPPO,43000.0,3,363.9701767858534,2.909616167331739
MAPPO,44000.0,3,365.9020362114399,2.88309242678404
MAPPO,45000.0,3,367.8197582384484,2.921284512397092
MAPPO,46000.0,3,369.5109762990464,2.9920143664823513
MAPPO,47000.0,3,371.34880179117755,3.3083795339025186
MAPPO,48000.0,3,372.9511561669613,3.610009158756641
MAPPO,49000.0,3,374.4687431558214,3.687534869940798
MAPPO,50000.0,3,375.9294894603102,3.861857502726325
MAPPO,51000.0,3,377.2923751594995,3.9580728942955044
MAPPO,52000.0,3,378.61361252105615,4.232182689272086
MAPPO,53000.0,3,379.8696147816672,4.470572413755721
MAPPO,54000.0,3,381.0543034676088,4.809119460299019
MAPPO,55000.0,3,382.2935192580544,4.957788063291433
MAPPO,56000.0,3,383.4557411922849,5.313766760264888
MAPPO,57000.0,3,384.5840820088729,5.5457148855917415
MAPPO,58000.0,3,385.71094086241436,5.946506341661208
MAPPO,59000.0,3,386.83801388180535,6.194592270960854
MAPPO,60000.0,3,387.75572673801133,6.5463665678577545
MAPPO,61000.0,3,388.78285559592223,6.935824272892274
MAPPO,62000.0,3,389.6473606253228,7.313347440967581
MAPPO,63000.0,3,390.53374024031245,7.819920460492581
MAPPO,64000.0,3,391.54495476801185,8.22301990274661
MAPPO,65000.0,3,392.5111054205634,8.552352034744535
MAPPO,66000.0,3,393.35029083021726,8.985219070531802
MAPPO,67000.0,3,394.23720628846974,9.350806194300791
MAPPO,68000.0,3,395.16145816578575,9.590253732221315
MAPPO,69000.0,3,396.0045676823295,9.737482786437909
MAPPO,70000.0,3,396.847612535885,9.989853386563249
MAPPO,71000.0,3,397.6614931103318,10.134192859382315
MAPPO,72000.0,3,398.39311750687193,10.375481744111644
MAPPO,73000.0,3,399.0740794728437,10.562286397276132
MAPPO,74000.0,3,399.78632377093163,10.82268400416056
MAPPO,75000.0,3,400.4458526968824,11.034029531317953
MAPPO,76000.0,3,401.01924974416687,11.16193722774757
MAPPO,77000.0,3,401.60803672953983,11.292346967481821
MAPPO,78000.0,3,402.0425023513578,11.264862097069999
MAPPO,79000.0,3,402.6806326031984,11.418891129397165
MAPPO,80000.0,3,403.38154998910335,11.539561167955974
MAPPO,81000.0,3,404.01156911723655,11.599252232708835
MAPPO,82000.0,3,404.63718710978804,11.576093731253332
MAPPO,83000.0,3,405.1898644839189,11.525639733250532
MAPPO,84000.0,3,405.62715686921814,11.460372132103156
MAPPO,85000.0,3,406.0809374629069,11.38469815990306
MAPPO,86000.0,3,406.61155517112076,11.275557984394881
MAPPO,87000.0,3,407.0306139970042,11.172756677071936
MAPPO,88000.0,3,407.37739801162,11.196851482308016
MAPPO,89000.0,3,407.8038715679874,11.161405231674202
MAPPO,90000.0,3,408.23029995506823,11.160164381402442
MAPPO,91000.0,3,408.58535872979854,11.207169797039443
MAPPO,92000.0,3,408.9870103878641,11.151647823041625
MAPPO,93000.0,3,409.3773438982503,11.089633804622684
MAPPO,94000.0,3,409.75636516467574,10.838340391803852
MAPPO,95000.0,3,410.15029532120707,10.808856374739724
MAPPO,96000.0,3,410.50007545179193,10.835069579926119
MAPPO,97000.0,3,410.8700913653654,10.75813423588204
MAPPO,98000.0,3,411.3431133055328,10.804157464045174
MAPPO,99000.0,3,411.6787690806584,10.834639199996467
MAPPO,100000.0,3,411.92940986848345,10.755513250412147
MAPPO,101000.0,3,412.158082079675,10.718844802262195
MAPPO,102000.0,3,412.44329295015285,10.696215359872538
MAPPO,103000.0,3,412.7185265326032,10.632822196350576
MAPPO,104000.0,3,412.93207937916895,10.512718837962288
MAPPO,105000.0,3,413.27607868461376,10.456795128752518
MAPPO,106000.0,3,413.4936926034839,10.290187838518591
MAPPO,107000.0,3,413.736285574233,10.307383656561559
MAPPO,108000.0,3,413.92026226239994,10.241777818433274
MAPPO,109000.0,3,414.16210883233265,10.179801977606889
MAPPO,110000.0,3,414.4068398367245,10.083642801089207
MAPPO,111000.0,3,414.61973401108867,10.051201717385657
MAPPO,112000.0,3,414.7743565821126,9.980263674818309
MAPPO,113000.0,3,414.9430657958198,9.849294999676058
MAPPO,114000.0,3,415.0714615423028,9.788681329765586
MAPPO,115000.0,3,415.14870548466985,9.762289989213855
MAPPO,116000.0,3,415.217694031772,9.765023871806875
MAPPO,117000.0,3,415.29887041883177,9.703890776637936
MAPPO,118000.0,3,415.3299421170903,9.639347375928256
MAPPO,119000.0,3,415.3979846482034,9.514681799585217
MAPPO,120000.0,3,415.45773640477665,9.525276847812858
MAPPO,121000.0,3,415.5059358019768,9.511677484189114
MAPPO,122000.0,3,415.5395813012253,9.501483509896962
MAPPO,123000.0,3,415.5255021692247,9.477336143567232
MAPPO,124000.0,3,415.64581800618845,9.520679072518233
MAPPO,125000.0,3,415.66864726370153,9.624613584391632
MAPPO,126000.0,3,415.76020219987413,9.714913631796364
MAPPO,127000.0,3,415.7901545805801,9.703907860779545
MAPPO,128000.0,3,415.8497163799086,9.747932662189054
MAPPO,129000.0,3,415.81537375039784,9.791897232862567
MAPPO,130000.0,3,415.8028710513204,9.831832674646533
MAPPO,131000.0,3,415.8022441885054,9.847694180493473
MAPPO,132000.0,3,415.9146488130278,9.848477252720356
MAPPO,133000.0,3,415.9936923551524,9.976299729671487
MAPPO,134000.0,3,416.0067369090039,10.07346095237892
MAPPO,135000.0,3,416.0532141662661,9.98000251931309
MAPPO,136000.0,3,416.14099455798925,9.853350728622635
MAPPO,137000.0,3,416.09489253627675,9.90972029152996
MAPPO,138000.0,3,416.20942378123755,10.022575760704049
MAPPO,139000.0,3,416.26289097160367,10.084820196777402
MAPPO,140000.0,3,416.27805195255524,10.091260798001095
MAPPO,141000.0,3,416.20812025306424,10.128412075338169
MAPPO,142000.0,3,416.2928315776944,10.120567068631955
MAPPO,143000.0,3,416.3739522887606,10.238350359759075
MAPPO,144000.0,3,416.40277530119675,10.230966350090487
MAPPO,145000.0,3,416.4308236800266,10.157314933720611
MAPPO,146000.0,3,416.430157817339,10.217565765735309
MAPPO,147000.0,3,416.41242735076474,10.19160071453106
MAPPO,148000.0,3,416.42395621140696,10.130290111490316
MAPPO,149000.0,3,416.55011433392906,10.155295795436109
MAPPO,150000.0,3,416.50580383220284,10.12251811643019
MAPPO,151000.0,3,416.56443402362515,10.089484149816641
MAPPO,152000.0,3,416.59431759583435,10.059109323197115
MAPPO,153000.0,3,416.67166048955687,10.065666407385473
MAPPO,154000.0,3,416.6923739826586,10.074395263394536
MAPPO,155000.0,3,416.7215808044579,10.094278749626902
MAPPO,156000.0,3,416.67309618117116,10.155288400567526
MAPPO,157000.0,3,416.7250376595338,10.076272163006545
MAPPO,158000.0,3,416.72392998354,10.045904923740196
MAPPO,159000.0,3,416.71175980692504,9.974827681697535
MAPPO,160000.0,3,416.73234580254984,10.039219883185842
MAPPO,161000.0,3,416.90360370428493,9.986123634330713
MAPPO,162000.0,3,416.9540623714365,10.025895571478262
MAPPO,163000.0,3,417.0077104347038,9.984761765234493
MAPPO,164000.0,3,416.9641843824699,10.002593989661156
MAPPO,165000.0,3,416.92834418739807,10.055553042012889
MAPPO,166000.0,3,416.96302168193125,9.924316787143402
MAPPO,167000.0,3,417.0621053097097,9.88090036386286
MAPPO,168000.0,3,417.19580738422763,9.950228937765766
MAPPO,169000.0,3,417.1145866360719,9.953370564704118
MAPPO,170000.0,3,417.17198316591754,9.977078941820041
MAPPO,171000.0,3,417.27178160898393,10.000228498830834
MAPPO,172000.0,3,417.21261738095745,9.948085958592712
MAPPO,173000.0,3,417.14621383395337,9.856144996355168
MAPPO,174000.0,3,417.1653431803292,9.834645723093887
MAPPO,175000.0,3,417.144606383436,9.802884860304488
MAPPO,176000.0,3,417.26728817813614,9.71777320291605
MAPPO,177000.0,3,417.4627050953438,9.726599762267767
MAPPO,178000.0,3,417.4942043556694,9.648157740512486
MAPPO,179000.0,3,417.50103032778173,9.656044600265123
MAPPO,180000.0,3,417.56095030900025,9.557539112398697
MAPPO,181000.0,3,417.5662583282242,9.60580390733778
MAPPO,182000.0,3,417.57781396108703,9.53635388194108
MAPPO,183000.0,3,417.60737030450974,9.501649229828795
MAPPO,184000.0,3,417.63724697209074,9.507134038319911
MAPPO,185000.0,3,417.73175297392686,9.495760633034854
MAPPO,186000.0,3,417.74989952834767,9.650029018880458
MAPPO,187000.0,3,417.6877889618288,9.801059069394883
MAPPO,188000.0,3,417.5806784968845,9.705701637687598
MAPPO,189000.0,3,417.6409016085839,9.662306702520237
MAPPO,190000.0,3,417.62076871930503,9.555408090725313
MAPPO,191000.0,3,417.5509455316788,9.53474227238005
MAPPO,192000.0,3,417.6168145251704,9.57088864430766
MAPPO,193000.0,3,417.6598713219684,9.587425842679826
MAPPO,194000.0,3,417.689606421124,9.607479939607872
MAPPO,195000.0,3,417.71562245628803,9.662037129904306
MAPPO,196000.0,3,417.7072813476695,9.67264519164731
MAPPO,197000.0,3,417.563142716456,9.746355467797496
MAPPO,198000.0,3,417.48374883506693,9.801728764124336
MAPPO,199000.0,3,417.58057726783653,9.688170124997677
MAPPO,200000.0,3,417.5939048739058,9.685876771030973
MA-A2C,1000.0,3,28.060989494049007,3.318150823290182
MA-A2C,2000.0,3,30.00527843820259,1.0469395047531018
MA-A2C,3000.0,3,32.6131074113464,1.2483814947532867
MA-A2C,4000.0,3,34.10139313547656,1.0491789624172163
MA-A2C,5000.0,3,36.61328556168659,1.8692093281467541
MA-A2C,6000.0,3,38.79516043535367,2.6192966853262987
MA-A2C,7000.0,3,41.74066215663763,2.237094390254964
MA-A2C,8000.0,3,44.80179191435055,2.0789226858805474
MA-A2C,9000.0,3,48.40776751355519,1.976844753341775
MA-A2C,10000.0,3,52.296730785441945,2.1530705250977173
MA-A2C,11000.0,3,56.33491347731496,2.3164188247978696
MA-A2C,12000.0,3,60.868053864318874,2.106057939140044
MA-A2C,13000.0,3,65.42265761606332,2.3497900135038563
MA-A2C,14000.0,3,70.46889161593735,2.4611641150483337
MA-A2C,15000.0,3,76.2069098737782,2.6518649166086727
MA-A2C,16000.0,3,81.6230632332486,2.6043628885122807
MA-A2C,17000.0,3,87.45758762397757,2.587307613198251
MA-A2C,18000.0,3,93.75140146004605,2.2980256899648306
MA-A2C,19000.0,3,100.20640393707576,2.0864358161206513
MA-A2C,20000.0,3,107.03664011777794,2.009702682208548
MA-A2C,21000.0,3,118.19049002210049,2.486085606361334
MA-A2C,22000.0,3,130.04563479032436,2.776916297321602
MA-A2C,23000.0,3,142.5283224950158,2.8596482028852734
MA-A2C,24000.0,3,155.28524826941953,3.306661104852238
MA-A2C,25000.0,3,168.13927135479778,3.3714793095851516
MA-A2C,26000.0,3,181.5166606173466,3.3990205816327284
MA-A2C,27000.0,3,194.49049313672512,3.5101622675700765
MA-A2C,28000.0,3,207.76559622000255,3.7413830266491277
MA-A2C,29000.0,3,220.56648240067727,3.98016542634607
MA-A2C,30000.0,3,233.13431253415908,4.176247708182394
MA-A2C,31000.0,3,245.44717382002582,4.517614068125609
MA-A2C,32000.0,3,257.30757577576,4.797394361776978
MA-A2C,33000.0,3,268.94009491165457,4.804986842218922
MA-A2C,34000.0,3,280.03539679324155,4.732094195104057
MA-A2C,35000.0,3,290.20296346657705,4.628984839488154
MA-A2C,36000.0,3,300.0281988445265,4.357937802421457
MA-A2C,37000.0,3,309.0443378657194,4.120135605003007
MA-A2C,38000.0,3,317.14248236106033,4.36477441956153
MA-A2C,39000.0,3,324.4136388569182,4.086347172200859
MA-A2C,40000.0,3,330.83391784077554,3.654302458837657
MA-A2C,41000.0,3,336.54138966102806,3.1071804278960435
MA-A2C,42000.0,3,341.4273565311018,2.757258018681411
MA-A2C,43000.0,3,345.45696378948423,2.6690566635812933
MA-A2C,44000.0,3,349.14671475009635,2.753088534401806
MA-A2C,45000.0,3,352.4209900267709,2.943593933963216
MA-A2C,46000.0,3,355.0202599997597,2.947459254720703
MA-A2C,47000.0,3,357.55467406811175,2.834968492650138
MA-A2C,48000.0,3,359.5768101337005,2.793176059604017
MA-A2C,49000.0,3,361.4055754354844,3.1357208595518182
MA-A2C,50000.0,3,362.99022667054714,3.072512806791582
MA-A2C,51000.0,3,364.2900711465415,3.489971182385492
MA-A2C,52000.0,3,365.46624611129613,3.3613660558411103
MA-A2C,53000.0,3,366.49035675962045,3.4621868152327027
MA-A2C,54000.0,3,367.20726945745537,3.5266539982374736
MA-A2C,55000.0,3,367.9307801256807,3.8124492471184146
MA-A2C,56000.0,3,368.67138530651454,3.9966673547390044
MA-A2C,57000.0,3,369.39450741005413,4.176219060018188
MA-A2C,58000.0,3,370.02996385961814,4.139603685038753
MA-A2C,59000.0,3,370.6444048924386,4.125283175706972
MA-A2C,60000.0,3,371.0622779594328,4.4117124005070645
MA-A2C,61000.0,3,371.6349787250062,4.74397140606281
MA-A2C,62000.0,3,372.1104116896851,4.908314975474258
MA-A2C,63000.0,3,372.64420752208395,5.179565237113666
MA-A2C,64000.0,3,373.353919018788,5.424192625796905
MA-A2C,65000.0,3,373.92813615361933,5.809737960584026
MA-A2C,66000.0,3,374.39555270078444,6.0889023533344
MA-A2C,67000.0,3,375.1002161095564,6.442096059153804
MA-A2C,68000.0,3,375.77839463158847,6.54493800810091
MA-A2C,69000.0,3,376.4913518455812,6.520184080331149
MA-A2C,70000.0,3,377.17439769515704,6.445991747846446
MA-A2C,71000.0,3,377.9147098095954,6.319413865858791
MA-A2C,72000.0,3,378.5645326162203,6.302141781750082
MA-A2C,73000.0,3,379.13773871774464,6.342959628892156
MA-A2C,74000.0,3,379.7245911994462,6.338316782721935
MA-A2C,75000.0,3,380.2365685806439,6.15451671966355
MA-A2C,76000.0,3,380.7706428987965,6.298149589953512
MA-A2C,77000.0,3,381.29871347235076,6.094211558999132
MA-A2C,78000.0,3,381.5568717885538,6.307877436533335
MA-A2C,79000.0,3,382.1085314828263,6.452794629268252
MA-A2C,80000.0,3,382.75853779051545,6.4219084693743955
MA-A2C,81000.0,3,383.1889352190672,6.276654189137306
MA-A2C,82000.0,3,383.5886390317496,6.147879866260116
MA-A2C,83000.0,3,383.94623368186575,6.039490034074275
MA-A2C,84000.0,3,384.05358565006736,5.79542560295231
MA-A2C,85000.0,3,384.29198549487154,5.595729199883874
MA-A2C,86000.0,3,384.6425842871219,5.460717233512507
MA-A2C,87000.0,3,384.7347461017046,5.1731878920143
MA-A2C,88000.0,3,384.7567509590438,4.993610716493439
MA-A2C,89000.0,3,384.91754451418484,4.9761002012688405
MA-A2C,90000.0,3,385.0664583297677,4.791523108816166
MA-A2C,91000.0,3,385.12688488712456,4.639727900792032
MA-A2C,92000.0,3,385.289996119515,4.66055225682388
MA-A2C,93000.0,3,385.42667413157596,4.424278705044443
MA-A2C,94000.0,3,385.6196509022806,4.329847327312432
MA-A2C,95000.0,3,385.91579485422864,4.169587738549097
MA-A2C,96000.0,3,386.1173110518137,3.797941481523826
MA-A2C,97000.0,3,386.3595365526042,3.646667665589275
MA-A2C,98000.0,3,386.83125831022306,3.2516779905757556
MA-A2C,99000.0,3,387.1288003305069,2.822007388232316
MA-A2C,100000.0,3,387.27730256062085,2.683432989642376
MA-A2C,101000.0,3,387.632954920359,2.4948823528988044
MA-A2C,102000.0,3,388.01916743508997,2.239612632991602
MA-A2C,103000.0,3,388.28748580412395,2.142808153735354
MA-A2C,104000.0,3,388.6350352083209,2.1938111555275053
MA-A2C,105000.0,3,388.96984018365765,2.246061048708952
MA-A2C,106000.0,3,389.24602163358844,2.3123585288734754
MA-A2C,107000.0,3,389.55240396129193,2.2052794953060126
MA-A2C,108000.0,3,389.73623604706125,2.134305088336444
MA-A2C,109000.0,3,389.9607238870288,1.9994013019610655
MA-A2C,110000.0,3,390.30278858741855,1.9791654889159274
MA-A2C,111000.0,3,390.6907099125978,1.8611905799913029
MA-A2C,112000.0,3,390.94120979667497,1.758056650243645
MA-A2C,113000.0,3,391.207263778567,1.803308298327355
MA-A2C,114000.0,3,391.64338950443477,1.8646254231887458
MA-A2C,115000.0,3,391.8846562783381,1.8833699922485572
MA-A2C,116000.0,3,392.12148799326206,1.9100876600832282
MA-A2C,117000.0,3,392.4005832245357,1.8666907624923266
MA-A2C,118000.0,3,392.6948943132805,1.9037969114822912
MA-A2C,119000.0,3,393.00247416996507,1.8970203067554745
MA-A2C,120000.0,3,393.3502553149308,1.9046523890404388
MA-A2C,121000.0,3,393.6387414652527,2.023485424530577
MA-A2C,122000.0,3,393.8784331882214,2.2779167559654514
MA-A2C,123000.0,3,394.0938405459793,2.396835623104305
MA-A2C,124000.0,3,394.3662094607635,2.3808759021825434
MA-A2C,125000.0,3,394.6572033564042,2.2521757191211664
MA-A2C,126000.0,3,394.95534308449487,2.2514744937095137
MA-A2C,127000.0,3,395.22696914441303,2.4602613581435473
MA-A2C,128000.0,3,395.58195837185053,2.7667525237877952
MA-A2C,129000.0,3,395.84038292013696,2.9581452998164273
MA-A2C,130000.0,3,396.10846498922683,3.0193499974720712
MA-A2C,131000.0,3,396.2931271542527,3.27528342617999
MA-A2C,132000.0,3,396.5387208752789,3.4937131277738867
MA-A2C,133000.0,3,396.8230864390286,3.6779984246381323
MA-A2C,134000.0,3,396.80633999899186,3.873221227286653
MA-A2C,135000.0,3,396.9768194221884,4.1170552669554015
MA-A2C,136000.0,3,397.25418615986194,4.242819285282858
MA-A2C,137000.0,3,397.40892480499946,4.354082687771761
MA-A2C,138000.0,3,397.6039176429177,4.369053451173986
MA-A2C,139000.0,3,397.79653813275155,4.4400871967942335
MA-A2C,140000.0,3,397.90691978289743,4.499677202530342
MA-A2C,141000.0,3,397.9236100853697,4.492874663141259
MA-A2C,142000.0,3,398.1098180785036,4.364428988267395
MA-A2C,143000.0,3,398.34486474060526,4.2951362005661275
MA-A2C,144000.0,3,398.60750060650247,4.285717189025251
MA-A2C,145000.0,3,398.81402877640517,4.210277012598505
MA-A2C,146000.0,3,398.88464415069376,4.129502267944166
MA-A2C,147000.0,3,399.08497068176666,4.033836427827406
MA-A2C,148000.0,3,399.2552417692544,3.8734746425020434
MA-A2C,149000.0,3,399.5490685730144,3.7879279057705832
MA-A2C,150000.0,3,399.60466646120295,3.6874739937562713
MA-A2C,151000.0,3,399.8358776973223,3.46719349859095
MA-A2C,152000.0,3,400.0829646114123,3.36757069390096
MA-A2C,153000.0,3,400.2885328649847,2.893809438843788
MA-A2C,154000.0,3,400.5388428475406,2.573909483930052
MA-A2C,155000.0,3,400.7466999411345,2.2947485123519185
MA-A2C,156000.0,3,400.8254633019615,2.239754227175542
MA-A2C,157000.0,3,400.8982289769943,2.0203610760011115
MA-A2C,158000.0,3,401.0007706799761,1.8160262289940485
MA-A2C,159000.0,3,401.01474777597576,1.553393075003348
MA-A2C,160000.0,3,401.0342204270707,1.3641358628087101
MA-A2C,161000.0,3,401.20276157906716,1.1999371118669426
MA-A2C,162000.0,3,401.2499311998604,1.125021343904505
MA-A2C,163000.0,3,401.3316128786002,0.9533350907706083
MA-A2C,164000.0,3,401.23061023131316,0.7790491985881608
MA-A2C,165000.0,3,401.1757225342478,0.7641490966993603
MA-A2C,166000.0,3,401.28128820808735,0.5837705178051172
MA-A2C,167000.0,3,401.38588915158863,0.4790410807002068
MA-A2C,168000.0,3,401.57758410145,0.4090792800667071
MA-A2C,169000.0,3,401.44976710021956,0.25249449351194236
MA-A2C,170000.0,3,401.39582467575946,0.1326318831298012
MA-A2C,171000.0,3,401.40688758015926,0.05976819075794277
MA-A2C,172000.0,3,401.1879904456798,0.3978251303062036
MA-A2C,173000.0,3,401.03600193793045,0.7002525427852273
MA-A2C,174000.0,3,400.8749695733034,1.0242196689132117
MA-A2C,175000.0,3,400.60334765616216,1.3176716971143139
MA-A2C,176000.0,3,400.57544837696037,1.615831021443938
MA-A2C,177000.0,3,400.6849756567445,1.7048245862444853
MA-A2C,178000.0,3,400.575656700885,1.8405014392013475
MA-A2C,179000.0,3,400.4193800921309,1.8584882185147777
MA-A2C,180000.0,3,400.4305612490839,1.9965552445223023
MA-A2C,181000.0,3,400.3578342964177,2.0083295179325624
MA-A2C,182000.0,3,400.31023070333373,2.125139016332012
MA-A2C,183000.0,3,400.1489373559544,2.2321770493130413
MA-A2C,184000.0,3,400.0149408898772,2.2917795646124217
MA-A2C,185000.0,3,399.94836416036696,2.4131168366105165
MA-A2C,186000.0,3,399.8125984647022,2.383793570068339
MA-A2C,187000.0,3,399.4713969492825,2.236424071092555
MA-A2C,188000.0,3,399.1191039287505,2.3654805663903917
MA-A2C,189000.0,3,399.1098901948335,2.39288145307893
MA-A2C,190000.0,3,399.1108593782498,2.4113867350993874
MA-A2C,191000.0,3,399.04318246598814,2.3376580223993773
MA-A2C,192000.0,3,399.1518944832055,2.2535874710294177
MA-A2C,193000.0,3,399.19503292819854,2.3147644342783957
MA-A2C,194000.0,3,399.24131766918737,2.2462741745707597
MA-A2C,195000.0,3,399.3513419338189,2.237650299724176
MA-A2C,196000.0,3,399.45616956130635,2.291746037025314
MA-A2C,197000.0,3,399.2685416053978,2.2898947411431103
MA-A2C,198000.0,3,399.1444697116595,2.3817300091929456
MA-A2C,199000.0,3,399.2558202107413,2.4724410426190966
MA-A2C,200000.0,3,399.2727481014925,2.5457866790937134
Ours,1000.0,3,28.060989494049007,3.318150823290182
Ours,2000.0,3,36.824196523171004,1.3135574683067033
Ours,3000.0,3,45.157074774452916,1.2930339299912723
Ours,4000.0,3,52.989513825417674,1.2529449765430678
Ours,5000.0,3,61.01742596320897,2.156063567251484
Ours,6000.0,3,68.98761045739005,3.136257182163463
Ours,7000.0,3,77.38388558558927,3.503207305350487
Ours,8000.0,3,85.54212735465383,3.2539394705083655
Ours,9000.0,3,93.99609230671804,3.1930678058813418
Ours,10000.0,3,102.69653468378606,3.3898555686169614
Ours,11000.0,3,111.11522223517404,3.1470366786285973
Ours,12000.0,3,119.76622303571617,2.847124399903278
Ours,13000.0,3,128.14880156864794,3.271301048734265
Ours,14000.0,3,136.81910185895939,3.2701104613700016
Ours,15000.0,3,145.61140052971572,3.2737047651372686
Ours,16000.0,3,154.02382162293307,3.359339382185259
Ours,17000.0,3,162.3318554982849,3.473771762548988
Ours,18000.0,3,170.3682440800325,3.4756152085618677
Ours,19000.0,3,177.9053743057315,3.5463395501423216
Ours,20000.0,3,185.08691854122478,3.6222092566170607
Ours,21000.0,3,200.12287394618104,4.070197991322719
Ours,22000.0,3,214.61640132025795,4.286846624387359
Ours,23000.0,3,228.73380290799267,4.1854422053577345
Ours,24000.0,3,242.20088222457613,4.3662396190505515
Ours,25000.0,3,254.92306362714302,4.2137349490223475
Ours,26000.0,3,267.06463215676166,3.930012990654865
Ours,27000.0,3,278.47320607510716,3.6690594095078124
Ours,28000.0,3,289.44804496194655,3.5838382090471104
Ours,29000.0,3,299.6307781227112,3.595090145675584
Ours,30000.0,3,308.9257841309814,3.4114212038406184
Ours,31000.0,3,317.58987292823775,3.5925586343335834
Ours,32000.0,3,325.34807397605266,3.589304637453139
Ours,33000.0,3,332.5127300622184,3.280101545964997
Ours,34000.0,3,338.7503562679972,3.2386761924959315
Ours,35000.0,3,344.0940972489619,3.147889445404594
Ours,36000.0,3,348.89140409207454,3.0839627961879246
Ours,37000.0,3,352.979526884823,2.9071652332432123
Ours,38000.0,3,356.5185863966735,2.9821585049059123
Ours,39000.0,3,359.7184826825849,2.9013368554767314
Ours,40000.0,3,362.6873684803715,2.8491083736323457
Ours,41000.0,3,365.29955655392627,2.8136064114073562
Ours,42000.0,3,367.66601505225304,2.726452625269824
Ours,43000.0,3,369.703452137683,2.87867464453856
Ours,44000.0,3,371.7163301995386,2.9245945920241256
Ours,45000.0,3,373.71575322440367,3.1489795754740597
Ours,46000.0,3,375.5415871769685,3.360093722670259
Ours,47000.0,3,377.2653503357711,3.677894816199198
Ours,48000.0,3,378.76240282392246,3.947206106894582
Ours,49000.0,3,380.1311086368449,4.164738769688596
Ours,50000.0,3,381.4680475461112,4.440983709305985
Ours,51000.0,3,382.7223637660292,4.581244109123695
Ours,52000.0,3,383.94715226642506,4.898094407913702
Ours,53000.0,3,385.1429581430773,5.232180643071259
Ours,54000.0,3,386.2542267449083,5.421353683508089
Ours,55000.0,3,387.43560172169117,5.7201001243357465
Ours,56000.0,3,388.6142704370636,6.064342901969423
Ours,57000.0,3,389.8258916952002,6.430243176066082
Ours,58000.0,3,390.9931312699173,6.8390010101362915
Ours,59000.0,3,392.1508946004745,7.218464225350319
Ours,60000.0,3,393.15931519813006,7.592567972638182
Ours,61000.0,3,394.2660100192304,7.830638975053227
Ours,62000.0,3,395.24146657292,8.11079234331775
Ours,63000.0,3,396.2111116525313,8.232856852264419
Ours,64000.0,3,397.1951077096844,8.480907633773104
Ours,65000.0,3,398.0942296655572,8.607391314434846
Ours,66000.0,3,398.8675584758469,8.793339353481619
Ours,67000.0,3,399.7611331290507,8.93778033406494
Ours,68000.0,3,400.59469940392984,9.150034164435384
Ours,69000.0,3,401.3473090579261,9.43000972677585
Ours,70000.0,3,402.0727426161987,9.636700605682332
Ours,71000.0,3,402.8255035132501,9.861722797231366
Ours,72000.0,3,403.5385884302356,9.94269977759747
Ours,73000.0,3,404.20746682301547,9.965846198505307
Ours,74000.0,3,404.8792197140481,10.021094425170212
Ours,75000.0,3,405.47384714667527,10.08205685594914
Ours,76000.0,3,406.04721709406914,9.942587442489952
Ours,77000.0,3,406.6189943317126,9.874460934018975
Ours,78000.0,3,407.0700917051892,9.686718435691054
Ours,79000.0,3,407.66957750226715,9.513429298726857
Ours,80000.0,3,408.28954838179396,9.502062098206164
Ours,81000.0,3,408.80459376901916,9.463105926370822
Ours,82000.0,3,409.3019107161868,9.460898816549166
Ours,83000.0,3,409.73785388294436,9.421551369612295
Ours,84000.0,3,410.1171318947641,9.361348586600021
Ours,85000.0,3,410.5097553401365,9.308312362444129
Ours,86000.0,3,411.0281296870239,9.193142148615982
Ours,87000.0,3,411.36243765424314,9.155236313407237
Ours,88000.0,3,411.6797106482599,9.010414414454873
Ours,89000.0,3,412.05885498381696,8.868912337842957
Ours,90000.0,3,412.44186519030626,8.859711680146267
Ours,91000.0,3,412.7199874570351,8.765394662382437
Ours,92000.0,3,413.03479684876015,8.694418748119503
Ours,93000.0,3,413.3360057799941,8.739835377500592
Ours,94000.0,3,413.6496942698091,8.633541983025284
Ours,95000.0,3,413.9620757734336,8.591144838805155
Ours,96000.0,3,414.20837502113835,8.667202451986038
Ours,97000.0,3,414.44629711045496,8.700433982558826
Ours,98000.0,3,414.7794600957653,8.720129594347727
Ours,99000.0,3,414.98564313972935,8.89677031768113
Ours,100000.0,3,415.1651497809756,8.847976332023324
Ours,101000.0,3,415.3894422517551,8.834257165256476
Ours,102000.0,3,415.6611119282875,8.821831930616273
Ours,103000.0,3,415.8635301696448,8.851565833425468
Ours,104000.0,3,416.040390975614,8.864525390402054
Ours,105000.0,3,416.3205499333505,8.942082032697492
Ours,106000.0,3,416.4942921991378,8.902569590338489
Ours,107000.0,3,416.6745392178457,8.978856472228248
Ours,108000.0,3,416.81796041351544,8.971709319450934
Ours,109000.0,3,417.0141205890152,8.978544007451704
Ours,110000.0,3,417.2428800823098,8.915298809672505
Ours,111000.0,3,417.4375953433441,8.935925928141836
Ours,112000.0,3,417.598377668244,8.92353815263337
Ours,113000.0,3,417.74485487229964,8.865781712946777
Ours,114000.0,3,417.8830196559438,8.862623357130696
Ours,115000.0,3,417.98101124596946,8.881187786957824
Ours,116000.0,3,418.08080761767064,8.968161401644334
Ours,117000.0,3,418.18441279016764,8.984738548954754
Ours,118000.0,3,418.2340401118113,9.033002921335495
Ours,119000.0,3,418.32620312893005,8.974362429673043
Ours,120000.0,3,418.37212604139364,9.057430209906027
Ours,121000.0,3,418.41733029894027,9.076400208889918
Ours,122000.0,3,418.43961056697094,9.139276483899168
Ours,123000.0,3,418.46401817924607,9.107394586632914
Ours,124000.0,3,418.56634144516767,9.132743774868896
Ours,125000.0,3,418.5869870993897,9.21862642178502
Ours,126000.0,3,418.65051973418446,9.305258349409682
Ours,127000.0,3,418.6721121733833,9.29522072431481
Ours,128000.0,3,418.6994322071614,9.35572837216856
Ours,129000.0,3,418.636589841216,9.398989871598273
Ours,130000.0,3,418.5975483081297,9.452773065729657
Ours,131000.0,3,418.58525819962455,9.468139941651911
Ours,132000.0,3,418.6425062708101,9.526310472867925
Ours,133000.0,3,418.6865779942566,9.658268488811487
Ours,134000.0,3,418.62954016368354,9.801400053592506
Ours,135000.0,3,418.6160424261964,9.773260988122923
Ours,136000.0,3,418.6665317428533,9.668063953124053
Ours,137000.0,3,418.60293293643423,9.705035159213242
Ours,138000.0,3,418.6884960874925,9.772821889400861
Ours,139000.0,3,418.728882743896,9.828192618088499
Ours,140000.0,3,418.73522107973486,9.854862282641744
Ours,141000.0,3,418.64596080082896,9.903668516236747
Ours,142000.0,3,418.70883769281704,9.90461773658964
Ours,143000.0,3,418.7536942429776,10.034423035909803
Ours,144000.0,3,418.77316814068195,10.044276516025192
Ours,145000.0,3,418.7753184315828,9.9989817577679
Ours,146000.0,3,418.7450198141,10.073235782598495
Ours,147000.0,3,418.7233680377761,10.060220171870439
Ours,148000.0,3,418.7173696294736,10.002476919256823
Ours,149000.0,3,418.8297178374346,10.068218291736171
Ours,150000.0,3,418.7666079165217,10.041741295113233
Ours,151000.0,3,418.7953606648153,10.032323845412614
Ours,152000.0,3,418.81088081254785,10.021003523637587
Ours,153000.0,3,418.8627734070126,10.044108017223047
Ours,154000.0,3,418.88405668075825,10.058705069707411
Ours,155000.0,3,418.8882298434474,10.072284392480435
Ours,156000.0,3,418.81708852420616,10.151652035260222
Ours,157000.0,3,418.8218806905991,10.112314542381275
Ours,158000.0,3,418.7991504089461,10.130930791393702
Ours,159000.0,3,418.7546117087882,10.104291350511541
Ours,160000.0,3,418.7470672394373,10.153081063179847
Ours,161000.0,3,418.88601977273174,10.120434400335775
Ours,162000.0,3,418.9184676882319,10.132880200723871
Ours,163000.0,3,418.9745236411398,10.074008725041153
Ours,164000.0,3,418.9135183847705,10.082018179006285
Ours,165000.0,3,418.8803701528321,10.126379751426724
Ours,166000.0,3,418.9202153290228,10.008292620618676
Ours,167000.0,3,419.00206820897415,9.996372342208963
Ours,168000.0,3,419.115803609463,10.068783380866714
Ours,169000.0,3,419.0226198560343,10.059844325479677
Ours,170000.0,3,419.0659440546884,10.099650109486745
Ours,171000.0,3,419.1607400356699,10.124261362134998
Ours,172000.0,3,419.0891636109643,10.059694529516094
Ours,173000.0,3,419.0276856286739,9.969494941155459
Ours,174000.0,3,419.01501346706635,9.956255158467448
Ours,175000.0,3,418.97189650669816,9.935439825821382
Ours,176000.0,3,419.0789372729442,9.86709653075802
Ours,177000.0,3,419.2594132956494,9.906996008337194
Ours,178000.0,3,419.2698313790672,9.852823741899781
Ours,179000.0,3,419.24926220460657,9.876248980983501
Ours,180000.0,3,419.29140606839957,9.802024481290758
Ours,181000.0,3,419.2794289218886,9.854373609230668
Ours,182000.0,3,419.26768342048445,9.83109920768673
Ours,183000.0,3,419.2625256766907,9.846777775069985
Ours,184000.0,3,419.28234665089076,9.895554228985784
Ours,185000.0,3,419.37509144767336,9.90193548549114
Ours,186000.0,3,419.40577943793977,10.049940290180759
Ours,187000.0,3,419.34575996707235,10.172960959264357
Ours,188000.0,3,419.2442615049431,10.110789674060431
Ours,189000.0,3,419.30458145380516,10.065155953049757
Ours,190000.0,3,419.30009928607325,9.964538911457607
Ours,191000.0,3,419.21504757037536,9.957681707226197
Ours,192000.0,3,419.28058776934955,10.004148717176992
Ours,193000.0,3,419.32197072736835,10.03129505388548
Ours,194000.0,3,419.37531379874514,10.04061901362391
Ours,195000.0,3,419.45130466532913,10.08436528876779
Ours,196000.0,3,419.45294043732537,10.077830345851735
Ours,197000.0,3,419.32001225721086,10.115912047169807
Ours,198000.0,3,419.24471100590677,10.151968611699273
Ours,199000.0,3,419.35122772414826,10.044992520837095
Ours,200000.0,3,419.3763671496893,10.058796904663321
