graph,table,role,required,status,matched_column,accepted_candidates,closest_available_columns
01_mean_throughput,03_main_cross_seed_summary.csv,algorithm,True,matched,algorithm,algorithm | method,algorithm | walltime_ms_per_step_sd | avg_qoe_sd | avg_qoe_mean | training_walltime_s_sd
01_mean_throughput,03_main_cross_seed_summary.csv,throughput_mean,True,matched,throughput_Mbps_mean,throughput_Mbps_mean | throughput_mean,throughput_Mbps_mean | throughput_Mbps_sem | throughput_Mbps_sd | throughput_Mbps_ci95 | mean_latency_ms_mean
01_mean_throughput,03_main_cross_seed_summary.csv,throughput_sd,False,matched,throughput_Mbps_sd,throughput_Mbps_sd | throughput_sd,throughput_Mbps_sd | throughput_Mbps_sem | throughput_Mbps_mean | throughput_Mbps_ci95 | energy_J_per_step_sem
02_mean_p95_latency,03_main_cross_seed_summary.csv,algorithm,True,matched,algorithm,algorithm | method,algorithm | walltime_ms_per_step_sd | avg_qoe_sd | avg_qoe_mean | training_walltime_s_sd
02_mean_p95_latency,03_main_cross_seed_summary.csv,mean_latency,True,matched,mean_latency_ms_mean,mean_latency_ms_mean | latency_ms_mean,mean_latency_ms_mean | mean_latency_ms_sd | mean_latency_ms_sem | mean_latency_ms_ci95 | p95_latency_ms_mean
02_mean_p95_latency,03_main_cross_seed_summary.csv,p95_latency,True,matched,p95_latency_ms_mean,p95_latency_ms_mean | tail_latency_ms_mean,p95_latency_ms_mean | mean_latency_ms_mean | p95_latency_ms_sd | p95_latency_ms_sem | p95_latency_ms_ci95
03_deadline_light_heavy,06_deadline_overall_light_heavy.csv,algorithm,True,matched,algorithm,algorithm | method,algorithm | light_hits_pooled | overall_hits_pooled | heavy_hits_pooled | light_deadline_pct_mean
03_deadline_light_heavy,06_deadline_overall_light_heavy.csv,overall_mean,True,matched,overall_deadline_pct_mean,overall_deadline_pct_mean | overall_deadline_satisfaction_pct_mean | deadline_overall_pct_mean | deadline_satisfaction_pct_mean | overall_deadline_pct_pooled,overall_deadline_pct_pooled | overall_deadline_pct_mean | light_deadline_pct_pooled | heavy_deadline_pct_pooled | overall_deadline_pct_sd
03_deadline_light_heavy,06_deadline_overall_light_heavy.csv,overall_sd,False,matched,overall_deadline_pct_sd,overall_deadline_pct_sd | overall_deadline_satisfaction_pct_sd | deadline_overall_pct_sd | deadline_satisfaction_pct_sd,overall_deadline_pct_mean | overall_deadline_pct_sd | overall_deadline_pct_ci95 | overall_deadline_pct_pooled | light_deadline_pct_mean
03_deadline_light_heavy,06_deadline_overall_light_heavy.csv,light_mean,True,matched,light_deadline_pct_mean,light_deadline_pct_mean | light_deadline_satisfaction_pct_mean | deadline_light_pct_mean | light_deadline_pct_pooled,light_deadline_pct_pooled | light_deadline_pct_mean | heavy_deadline_pct_pooled | overall_deadline_pct_pooled | heavy_deadline_pct_mean
03_deadline_light_heavy,06_deadline_overall_light_heavy.csv,light_sd,False,matched,light_deadline_pct_sd,light_deadline_pct_sd | light_deadline_satisfaction_pct_sd | deadline_light_pct_sd,light_deadline_pct_mean | light_deadline_pct_sd | light_deadline_pct_ci95 | light_deadline_pct_pooled | overall_deadline_pct_mean
03_deadline_light_heavy,06_deadline_overall_light_heavy.csv,heavy_mean,True,matched,heavy_deadline_pct_mean,heavy_deadline_pct_mean | heavy_deadline_satisfaction_pct_mean | deadline_heavy_pct_mean | heavy_deadline_pct_pooled,heavy_deadline_pct_pooled | overall_deadline_pct_pooled | heavy_deadline_pct_mean | light_deadline_pct_pooled | heavy_deadline_pct_sd
03_deadline_light_heavy,06_deadline_overall_light_heavy.csv,heavy_sd,False,matched,heavy_deadline_pct_sd,heavy_deadline_pct_sd | heavy_deadline_satisfaction_pct_sd | deadline_heavy_pct_sd,heavy_deadline_pct_mean | heavy_deadline_pct_sd | heavy_deadline_pct_ci95 | heavy_deadline_pct_pooled | overall_deadline_pct_mean
04_qoe_cdf,18_qoe_per_user_samples.csv,algorithm,True,matched,algorithm,algorithm | method,algorithm | method | user_id | mean_qoe | seed
04_qoe_cdf,18_qoe_per_user_samples.csv,qoe,True,matched,mean_qoe,mean_qoe | avg_qoe | qoe_mean | qoe,mean_qoe | method | seed | user_id | algorithm
04_qoe_cdf,18_qoe_per_user_samples.csv,user,False,matched,user_id,user_id | ue_id | vehicle_id,user_id | seed | algorithm | method | mean_qoe
04_qoe_cdf,18_qoe_per_user_samples.csv,seed,False,matched,seed,seed | seed_id,user_id | seed | method | mean_qoe | algorithm
04_qoe_cdf,18_qoe_per_user_samples.csv,weight,False,optional_column_absent,,n_user_steps | n_steps | sample_count,user_id | mean_qoe | seed | method | algorithm
05_infrastructure_energy,03_main_cross_seed_summary.csv,algorithm,True,matched,algorithm,algorithm | method,algorithm | walltime_ms_per_step_sd | avg_qoe_sd | avg_qoe_mean | training_walltime_s_sd
05_infrastructure_energy,03_main_cross_seed_summary.csv,energy_mean,True,matched,energy_J_per_step_mean,infrastructure_energy_J_per_step_mean | infra_energy_J_per_step_mean | infrastructure_energy_J_mean | infra_energy_J_mean | total_energy_J_mean | energy_J_per_step_mean,energy_J_per_step_mean | energy_J_per_step_sd | energy_J_per_step_sem | energy_J_per_step_ci95 | walltime_ms_per_step_mean
05_infrastructure_energy,03_main_cross_seed_summary.csv,energy_sd,False,matched,energy_J_per_step_sd,infrastructure_energy_J_per_step_sd | infra_energy_J_per_step_sd | infrastructure_energy_J_sd | infra_energy_J_sd | total_energy_J_sd | energy_J_per_step_sd,energy_J_per_step_sd | energy_J_per_step_sem | energy_J_per_step_mean | energy_J_per_step_ci95 | deadline_satisfaction_pct_mean
06_training_convergence_seed,19_training_curve_seed.csv,algorithm,True,matched,algorithm,algorithm | method,algorithm | training_episode | return_value | seed | env_steps
06_training_convergence_seed,19_training_curve_seed.csv,seed,True,matched,seed,seed | seed_id | run | run_id,seed | return_value | env_steps | training_episode | algorithm
06_training_convergence_seed,19_training_curve_seed.csv,x,True,matched,env_steps,env_steps | environment_steps | training_step | steps | step,training_episode | env_steps | return_value | seed | algorithm
06_training_convergence_seed,19_training_curve_seed.csv,return,True,missing_required_column,,episode_return_mean | episode_return | return_mean | global_reward_mean | global_reward | reward_mean,return_value | training_episode | env_steps | algorithm | seed
06_training_convergence_mean,20_training_curve_cross_seed.csv,algorithm,True,matched,algorithm,algorithm | method,algorithm | return_mean | return_sd | n_seeds | env_steps
06_training_convergence_mean,20_training_curve_cross_seed.csv,x,True,matched,env_steps,env_steps | environment_steps | training_step | steps | step,env_steps | return_mean | n_seeds | return_sd | algorithm
06_training_convergence_mean,20_training_curve_cross_seed.csv,return_mean,True,matched,return_mean,episode_return_mean | episode_return_cross_seed_mean | return_mean | global_reward_mean | reward_mean,return_mean | return_sd | n_seeds | env_steps | algorithm
07_fairness_vs_load,15_user_load_summary.csv,algorithm,True,missing_required_column,,algorithm | method,training_iterations_mean | training_iterations_sd | walltime_ms_per_step_sd | training_iterations_ci95 | avg_qoe_sd
07_fairness_vs_load,15_user_load_summary.csv,load_order,True,matched,num_users,load_bin | load_bin_id | user_load | offered_load_Mbps | num_users,training_env_steps_sd | energy_J_per_step_sem | energy_J_per_step_mean | training_env_steps_mean | training_env_steps_ci95
07_fairness_vs_load,15_user_load_summary.csv,load_label,False,optional_column_absent,,load_bin_label | user_load_label | load_label | offered_load_label,mean_episode_return_mean | users_per_bs | mean_episode_return_sd | mean_episode_return_ci95 | mean_latency_ms_sd
07_fairness_vs_load,15_user_load_summary.csv,fairness_mean,True,matched,fairness_mean,jain_fairness_mean | jain_fairness_index_mean | fairness_mean | jain_index_mean | fairness,fairness_mean | fairness_sd | training_walltime_s_sd | training_iterations_sd | mean_latency_ms_sd
07_fairness_vs_load,15_user_load_summary.csv,fairness_sd,False,matched,fairness_sd,jain_fairness_sd | jain_fairness_index_sd | fairness_sd | jain_index_sd,fairness_sd | fairness_sem | fairness_mean | walltime_ms_per_step_sem | training_walltime_s_mean
radar_performance_profile,03_main_cross_seed_summary.csv,algorithm,True,matched,algorithm,algorithm | method,algorithm | walltime_ms_per_step_sd | avg_qoe_sd | avg_qoe_mean | training_walltime_s_sd
radar_performance_profile,03_main_cross_seed_summary.csv,throughput,True,matched,throughput_Mbps_mean,throughput_Mbps_mean | throughput_mean,throughput_Mbps_mean | throughput_Mbps_sem | throughput_Mbps_sd | throughput_Mbps_ci95 | deadline_satisfaction_pct_mean
radar_performance_profile,03_main_cross_seed_summary.csv,deadline,True,matched,deadline_satisfaction_pct_mean,deadline_satisfaction_pct_mean | deadline_pct_mean,deadline_satisfaction_pct_mean | deadline_satisfaction_pct_sd | deadline_satisfaction_pct_sem | deadline_satisfaction_pct_ci95 | walltime_ms_per_step_mean
radar_performance_profile,03_main_cross_seed_summary.csv,qoe,True,matched,avg_qoe_mean,avg_qoe_mean | mean_qoe_mean | qoe_mean,avg_qoe_mean | mean_episode_return_sd | avg_qoe_sem | mean_episode_return_ci95 | mean_latency_ms_sem
radar_performance_profile,03_main_cross_seed_summary.csv,fairness,True,matched,fairness_mean,fairness_mean | jain_fairness_mean,fairness_mean | fairness_sd | fairness_sem | fairness_ci95 | training_walltime_s_sem
radar_performance_profile,03_main_cross_seed_summary.csv,energy,True,matched,energy_J_per_step_mean,energy_J_per_step_mean | infrastructure_energy_J_per_step_mean | infra_energy_J_per_step_mean | infrastructure_energy_J_mean,energy_J_per_step_mean | energy_J_per_step_sd | energy_J_per_step_sem | energy_J_per_step_ci95 | walltime_ms_per_step_mean
radar_performance_profile,03_main_cross_seed_summary.csv,blocking,True,matched,blocking_pct_mean,blocking_pct_mean | blocking_rate_pct_mean,blocking_pct_mean | blocking_pct_ci95 | blocking_pct_sem | blocking_pct_sd | deadline_satisfaction_pct_mean
