table,method_column,method,rows,error
00_run_inventory.csv,algorithm,Cent-PPO,3,
00_run_inventory.csv,algorithm,MA-A2C,3,
00_run_inventory.csv,algorithm,MAPPO,3,
00_run_inventory.csv,algorithm,Ours,30,
01_run_integrity_audit.csv,algorithm,Cent-PPO,3,
01_run_integrity_audit.csv,algorithm,MA-A2C,3,
01_run_integrity_audit.csv,algorithm,MAPPO,3,
01_run_integrity_audit.csv,algorithm,Ours,30,
02_main_seed_metrics.csv,algorithm,Cent-PPO,3,
02_main_seed_metrics.csv,algorithm,MA-A2C,3,
02_main_seed_metrics.csv,algorithm,MAPPO,3,
02_main_seed_metrics.csv,algorithm,Ours,3,
03_main_cross_seed_summary.csv,algorithm,Cent-PPO,1,
03_main_cross_seed_summary.csv,algorithm,MA-A2C,1,
03_main_cross_seed_summary.csv,algorithm,MAPPO,1,
03_main_cross_seed_summary.csv,algorithm,Ours,1,
04_task_deadline_seed_metrics.csv,algorithm,Cent-PPO,9,
04_task_deadline_seed_metrics.csv,algorithm,MA-A2C,9,
04_task_deadline_seed_metrics.csv,algorithm,MAPPO,9,
04_task_deadline_seed_metrics.csv,algorithm,Ours,9,
05_task_deadline_cross_seed_summary.csv,algorithm,Cent-PPO,3,
05_task_deadline_cross_seed_summary.csv,algorithm,MA-A2C,3,
05_task_deadline_cross_seed_summary.csv,algorithm,MAPPO,3,
05_task_deadline_cross_seed_summary.csv,algorithm,Ours,3,
06_deadline_overall_light_heavy.csv,algorithm,Cent-PPO,1,
06_deadline_overall_light_heavy.csv,algorithm,MA-A2C,1,
06_deadline_overall_light_heavy.csv,algorithm,MAPPO,1,
06_deadline_overall_light_heavy.csv,algorithm,Ours,1,
07_deadline_reconstruction_audit.csv,algorithm,Cent-PPO,3,
07_deadline_reconstruction_audit.csv,algorithm,MA-A2C,3,
07_deadline_reconstruction_audit.csv,algorithm,MAPPO,3,
07_deadline_reconstruction_audit.csv,algorithm,Ours,3,
08_service_class_seed_metrics.csv,algorithm,Cent-PPO,6,
08_service_class_seed_metrics.csv,algorithm,MA-A2C,6,
08_service_class_seed_metrics.csv,algorithm,MAPPO,6,
08_service_class_seed_metrics.csv,algorithm,Ours,6,
09_service_class_cross_seed_summary.csv,algorithm,Cent-PPO,2,
09_service_class_cross_seed_summary.csv,algorithm,MA-A2C,2,
09_service_class_cross_seed_summary.csv,algorithm,MAPPO,2,
09_service_class_cross_seed_summary.csv,algorithm,Ours,2,
10_neighbor_ablation_seed_metrics.csv,algorithm,Ours,6,
12_mobility_seed_metrics.csv,algorithm,Ours,9,
14_user_load_seed_metrics.csv,algorithm,Ours,18,
16_bs_scalability_seed_metrics.csv,algorithm,Ours,6,
18_qoe_per_user_samples.csv,algorithm,Cent-PPO,240,
18_qoe_per_user_samples.csv,algorithm,MA-A2C,240,
18_qoe_per_user_samples.csv,algorithm,MAPPO,240,
18_qoe_per_user_samples.csv,algorithm,Ours,240,
19_training_curve_seed.csv,algorithm,Cent-PPO,600,
19_training_curve_seed.csv,algorithm,MA-A2C,600,
19_training_curve_seed.csv,algorithm,MAPPO,600,
19_training_curve_seed.csv,algorithm,Ours,600,
20_training_curve_cross_seed.csv,algorithm,Cent-PPO,200,
20_training_curve_cross_seed.csv,algorithm,MA-A2C,200,
20_training_curve_cross_seed.csv,algorithm,MAPPO,200,
20_training_curve_cross_seed.csv,algorithm,Ours,200,
