run_id,method,variant,scenario,seed,experiment,num_bs,num_users,num_eval_episodes,throughput_Mbps,mean_latency_ms,p95_latency_ms,deadline_satisfaction,deadline_satisfaction_pct,blocking_rate,blocking_pct,avg_qoe,fairness,energy_J_per_step,walltime_ms_per_step,mean_episode_return,eval_user_steps_csv,code_version,algorithm_backend,ray_version,torch_version,final_checkpoint,training_iterations,training_env_steps,training_walltime_s
ours__full__urban__bs4__u80__main__seed42,ours,full,urban,42,main,4,80,20,196.56344275477232,159.25766390212044,463.20662687131374,0.48404375,48.404375,0.0,0.0,0.7576101484718881,0.9686243919578781,500153.903660472,16.059805393218994,101.68534705900186,/home/umb/Desktop/mappo2/paper_results_v51_final/runs/ours__full__urban__bs4__u80__main__seed42/eval_user_steps.csv,2026-08-26-paper-suite-v5.1-a2c-compat-scalability,rllib_ppo,2.49.2,2.7.1+cu128,/home/umb/Desktop/mappo2/paper_results_v51_final/runs/ours__full__urban__bs4__u80__main__seed42/checkpoints/final,200,200000,4603.540713310242
ours__full__urban__bs4__u80__main__seed43,ours,full,urban,43,main,4,80,20,197.41942741060683,135.96787916439916,434.7568907451393,0.540996875,54.0996875,0.0,0.0,0.7716521555084006,0.9702932344372759,499356.5220157214,15.918751180171967,105.99069470774464,/home/umb/Desktop/mappo2/paper_results_v51_final/runs/ours__full__urban__bs4__u80__main__seed43/eval_user_steps.csv,2026-08-26-paper-suite-v5.1-a2c-compat-scalability,rllib_ppo,2.49.2,2.7.1+cu128,/home/umb/Desktop/mappo2/paper_results_v51_final/runs/ours__full__urban__bs4__u80__main__seed43/checkpoints/final,200,200000,4568.820488214493
ours__full__urban__bs4__u80__main__seed44,ours,full,urban,44,main,4,80,20,197.40695640233318,139.81197429796046,443.8673312903707,0.53445625,53.445625,0.0,0.0,0.7681938502931134,0.9707533695113866,449521.28777058865,15.72246503829956,106.24959911370595,/home/umb/Desktop/mappo2/paper_results_v51_final/runs/ours__full__urban__bs4__u80__main__seed44/eval_user_steps.csv,2026-08-26-paper-suite-v5.1-a2c-compat-scalability,rllib_ppo,2.49.2,2.7.1+cu128,/home/umb/Desktop/mappo2/paper_results_v51_final/runs/ours__full__urban__bs4__u80__main__seed44/checkpoints/final,200,200000,4611.048085689545
mappo__full__urban__bs4__u80__main__seed42,mappo,full,urban,42,main,4,80,20,197.26053839351405,164.44202635834228,474.58629826039675,0.4759875,47.59875,0.0,0.0,0.7537011765187851,0.9657616684255445,445384.7019553187,18.69670081138611,101.85052031538187,/home/umb/Desktop/mappo2/paper_results_v51_final/runs/mappo__full__urban__bs4__u80__main__seed42/eval_user_steps.csv,2026-08-26-paper-suite-v5.1-a2c-compat-scalability,rllib_ppo,2.49.2,2.7.1+cu128,/home/umb/Desktop/mappo2/paper_results_v51_final/runs/mappo__full__urban__bs4__u80__main__seed42/checkpoints/final,200,200000,4533.13742351532
mappo__full__urban__bs4__u80__main__seed43,mappo,full,urban,43,main,4,80,20,195.1947275753363,136.19317708694868,433.44577695579704,0.539903125,53.9903125,0.0,0.0,0.7693624426407222,0.9736288783984305,489725.6874616441,18.533778250217438,105.88968073562486,/home/umb/Desktop/mappo2/paper_results_v51_final/runs/mappo__full__urban__bs4__u80__main__seed43/eval_user_steps.csv,2026-08-26-paper-suite-v5.1-a2c-compat-scalability,rllib_ppo,2.49.2,2.7.1+cu128,/home/umb/Desktop/mappo2/paper_results_v51_final/runs/mappo__full__urban__bs4__u80__main__seed43/checkpoints/final,200,200000,4508.629887342453
mappo__full__urban__bs4__u80__main__seed44,mappo,full,urban,44,main,4,80,20,192.1226713734953,141.2116298626886,446.0989887906175,0.5311625,53.11625,0.0,0.0,0.7620514581445171,0.9746680132437032,436357.3642434348,18.433067560195923,105.60432888932932,/home/umb/Desktop/mappo2/paper_results_v51_final/runs/mappo__full__urban__bs4__u80__main__seed44/eval_user_steps.csv,2026-08-26-paper-suite-v5.1-a2c-compat-scalability,rllib_ppo,2.49.2,2.7.1+cu128,/home/umb/Desktop/mappo2/paper_results_v51_final/runs/mappo__full__urban__bs4__u80__main__seed44/checkpoints/final,200,200000,4494.296009063721
cent_ppo__full__urban__bs4__u80__main__seed42,cent_ppo,full,urban,42,main,4,80,20,194.71791526768723,148.39592498910088,455.6972132631147,0.512953125,51.2953125,0.0,0.0,0.761572924259518,0.964540834993249,493076.42710031866,18.50565755367279,103.45825360919073,/home/umb/Desktop/mappo2/paper_results_v51_final/runs/cent_ppo__full__urban__bs4__u80__main__seed42/eval_user_steps.csv,2026-08-26-paper-suite-v5.1-a2c-compat-scalability,rllib_ppo,2.49.2,2.7.1+cu128,/home/umb/Desktop/mappo2/paper_results_v51_final/runs/cent_ppo__full__urban__bs4__u80__main__seed42/checkpoints/final,200,200000,3885.9587893486023
cent_ppo__full__urban__bs4__u80__main__seed43,cent_ppo,full,urban,43,main,4,80,20,196.28279592206746,136.1800538867453,435.94395538173836,0.540828125,54.0828125,0.0,0.0,0.7703664735334008,0.9695868976458906,499602.8602218264,18.484669387340546,105.78595037027063,/home/umb/Desktop/mappo2/paper_results_v51_final/runs/cent_ppo__full__urban__bs4__u80__main__seed43/eval_user_steps.csv,2026-08-26-paper-suite-v5.1-a2c-compat-scalability,rllib_ppo,2.49.2,2.7.1+cu128,/home/umb/Desktop/mappo2/paper_results_v51_final/runs/cent_ppo__full__urban__bs4__u80__main__seed43/checkpoints/final,200,200000,3878.6655447483063
cent_ppo__full__urban__bs4__u80__main__seed44,cent_ppo,full,urban,44,main,4,80,20,195.92003735158693,155.2430782071015,464.5152642330143,0.4963375,49.63375,0.0,0.0,0.7588134092380462,0.964018905461412,496638.66385288193,18.74871051311493,102.32225337104818,/home/umb/Desktop/mappo2/paper_results_v51_final/runs/cent_ppo__full__urban__bs4__u80__main__seed44/eval_user_steps.csv,2026-08-26-paper-suite-v5.1-a2c-compat-scalability,rllib_ppo,2.49.2,2.7.1+cu128,/home/umb/Desktop/mappo2/paper_results_v51_final/runs/cent_ppo__full__urban__bs4__u80__main__seed44/checkpoints/final,200,200000,3901.375830888748
ma_a2c__full__urban__bs4__u80__main__seed42,ma_a2c,full,urban,42,main,4,80,20,197.28461253355343,216.96457730861042,452.6697532660934,0.24991875,24.991875,0.0,0.0,0.7217917632846824,0.9652481982539373,500160.0,15.949009597301483,87.24344095063952,/home/umb/Desktop/mappo2/paper_results_v51_final/runs/ma_a2c__full__urban__bs4__u80__main__seed42/eval_user_steps.csv,2026-08-26-paper-suite-v5.1-a2c-compat-scalability,ppo_single_pass_a2c_compat,2.49.2,2.7.1+cu128,/home/umb/Desktop/mappo2/paper_results_v51_final/runs/ma_a2c__full__urban__bs4__u80__main__seed42/checkpoints/final,200,200000,3855.4370863437653
ma_a2c__full__urban__bs4__u80__main__seed43,ma_a2c,full,urban,43,main,4,80,20,197.28461253355343,215.19724449063273,453.0899261387603,0.251503125,25.1503125,0.0,0.0,0.7235661645271799,0.9652481982539373,500160.0,15.933578550815582,87.5550521744201,/home/umb/Desktop/mappo2/paper_results_v51_final/runs/ma_a2c__full__urban__bs4__u80__main__seed43/eval_user_steps.csv,2026-08-26-paper-suite-v5.1-a2c-compat-scalability,ppo_single_pass_a2c_compat,2.49.2,2.7.1+cu128,/home/umb/Desktop/mappo2/paper_results_v51_final/runs/ma_a2c__full__urban__bs4__u80__main__seed43/checkpoints/final,200,200000,3824.983960390091
ma_a2c__full__urban__bs4__u80__main__seed44,ma_a2c,full,urban,44,main,4,80,20,197.28461253355343,247.45127209987976,560.6131523423255,0.238446875,23.8446875,0.0,0.0,0.6907398195868034,0.9652481982539373,500160.0,16.051713824272156,82.4154860353149,/home/umb/Desktop/mappo2/paper_results_v51_final/runs/ma_a2c__full__urban__bs4__u80__main__seed44/eval_user_steps.csv,2026-08-26-paper-suite-v5.1-a2c-compat-scalability,ppo_single_pass_a2c_compat,2.49.2,2.7.1+cu128,/home/umb/Desktop/mappo2/paper_results_v51_final/runs/ma_a2c__full__urban__bs4__u80__main__seed44/checkpoints/final,200,200000,3796.1001856327057
ours__no_neighbor__urban__bs4__u80__ablation__seed42,ours,no_neighbor,urban,42,ablation,4,80,20,197.28483435461118,159.82743558662582,463.4143652118784,0.482903125,48.2903125,0.0,0.0,0.7577976149988108,0.9685712940372366,491088.67814345215,15.886526465415955,101.84620808330888,/home/umb/Desktop/mappo2/paper_results_v51_final/runs/ours__no_neighbor__urban__bs4__u80__ablation__seed42/eval_user_steps.csv,2026-08-26-paper-suite-v5.1-a2c-compat-scalability,rllib_ppo,2.49.2,2.7.1+cu128,/home/umb/Desktop/mappo2/paper_results_v51_final/runs/ours__no_neighbor__urban__bs4__u80__ablation__seed42/checkpoints/final,200,200000,4587.9658942222595
ours__no_neighbor__urban__bs4__u80__ablation__seed43,ours,no_neighbor,urban,43,ablation,4,80,20,197.41591915401816,136.09792108962682,435.0799412153131,0.54071875,54.071875,0.0,0.0,0.7715297858169323,0.9701855384829708,497288.9443074334,15.786980330944061,106.00196534627386,/home/umb/Desktop/mappo2/paper_results_v51_final/runs/ours__no_neighbor__urban__bs4__u80__ablation__seed43/eval_user_steps.csv,2026-08-26-paper-suite-v5.1-a2c-compat-scalability,rllib_ppo,2.49.2,2.7.1+cu128,/home/umb/Desktop/mappo2/paper_results_v51_final/runs/ours__no_neighbor__urban__bs4__u80__ablation__seed43/checkpoints/final,200,200000,4641.41045665741
ours__no_neighbor__urban__bs4__u80__ablation__seed44,ours,no_neighbor,urban,44,ablation,4,80,20,197.40515981626714,138.58453969577886,440.56996082321496,0.536390625,53.6390625,0.0,0.0,0.7692994928281734,0.9701345796570657,463962.8558399709,15.633168816566467,106.18093435970079,/home/umb/Desktop/mappo2/paper_results_v51_final/runs/ours__no_neighbor__urban__bs4__u80__ablation__seed44/eval_user_steps.csv,2026-08-26-paper-suite-v5.1-a2c-compat-scalability,rllib_ppo,2.49.2,2.7.1+cu128,/home/umb/Desktop/mappo2/paper_results_v51_final/runs/ours__no_neighbor__urban__bs4__u80__ablation__seed44/checkpoints/final,200,200000,4573.923617601395
ours__full__highway__bs4__u80__mobility__seed42,ours,full,highway,42,mobility,4,80,20,188.1015350172894,159.24772285112596,461.36308838338624,0.483540625,48.3540625,0.0,0.0,0.7587798939092386,0.9733673434321602,493932.44470777997,16.385360777378082,101.32485944703433,/home/umb/Desktop/mappo2/paper_results_v51_final/runs/ours__full__highway__bs4__u80__mobility__seed42/eval_user_steps.csv,2026-08-26-paper-suite-v5.1-a2c-compat-scalability,rllib_ppo,2.49.2,2.7.1+cu128,/home/umb/Desktop/mappo2/paper_results_v51_final/runs/ours__full__highway__bs4__u80__mobility__seed42/checkpoints/final,200,200000,4612.525944232941
ours__full__highway__bs4__u80__mobility__seed43,ours,full,highway,43,mobility,4,80,20,188.1150781881041,137.14211343247067,436.5037268440396,0.5387875,53.87875,0.0,0.0,0.77098076525273,0.9736346997839856,479705.6876631739,15.967096030712128,105.54243104193006,/home/umb/Desktop/mappo2/paper_results_v51_final/runs/ours__full__highway__bs4__u80__mobility__seed43/eval_user_steps.csv,2026-08-26-paper-suite-v5.1-a2c-compat-scalability,rllib_ppo,2.49.2,2.7.1+cu128,/home/umb/Desktop/mappo2/paper_results_v51_final/runs/ours__full__highway__bs4__u80__mobility__seed43/checkpoints/final,200,200000,4564.511243343353
ours__full__highway__bs4__u80__mobility__seed44,ours,full,highway,44,mobility,4,80,20,188.11792255415017,135.91100259835022,434.4263966330109,0.5413,54.13,0.0,0.0,0.7720740098255685,0.9740204762439103,499252.86835012975,15.996005892753601,105.41260358712461,/home/umb/Desktop/mappo2/paper_results_v51_final/runs/ours__full__highway__bs4__u80__mobility__seed44/eval_user_steps.csv,2026-08-26-paper-suite-v5.1-a2c-compat-scalability,rllib_ppo,2.49.2,2.7.1+cu128,/home/umb/Desktop/mappo2/paper_results_v51_final/runs/ours__full__highway__bs4__u80__mobility__seed44/checkpoints/final,200,200000,4507.419287443161
ours__full__mixed__bs4__u80__mobility__seed42,ours,full,mixed,42,mobility,4,80,20,192.29552009330695,158.7528932413823,459.6349318942081,0.484375,48.4375,0.0,0.0,0.7607510558397006,0.9722665849398372,500159.9996540535,16.001085877418518,101.68008344532926,/home/umb/Desktop/mappo2/paper_results_v51_final/runs/ours__full__mixed__bs4__u80__mobility__seed42/eval_user_steps.csv,2026-08-26-paper-suite-v5.1-a2c-compat-scalability,rllib_ppo,2.49.2,2.7.1+cu128,/home/umb/Desktop/mappo2/paper_results_v51_final/runs/ours__full__mixed__bs4__u80__mobility__seed42/checkpoints/final,200,200000,4640.510082960129
ours__full__mixed__bs4__u80__mobility__seed43,ours,full,mixed,43,mobility,4,80,20,192.2645613877115,135.9490313484296,432.67282262627407,0.540553125,54.0553125,1.25e-05,0.00125,0.7735986542765287,0.9741496727428122,498985.55805836146,15.745188057422638,105.79481811179451,/home/umb/Desktop/mappo2/paper_results_v51_final/runs/ours__full__mixed__bs4__u80__mobility__seed43/eval_user_steps.csv,2026-08-26-paper-suite-v5.1-a2c-compat-scalability,rllib_ppo,2.49.2,2.7.1+cu128,/home/umb/Desktop/mappo2/paper_results_v51_final/runs/ours__full__mixed__bs4__u80__mobility__seed43/checkpoints/final,200,200000,4572.859983205795
ours__full__mixed__bs4__u80__mobility__seed44,ours,full,mixed,44,mobility,4,80,20,192.27413069817936,135.76248380448317,432.3899872561652,0.540903125,54.0903125,0.0,0.0,0.7737281565010727,0.9735901664438036,499046.77139336214,15.677521824836731,105.81588080974298,/home/umb/Desktop/mappo2/paper_results_v51_final/runs/ours__full__mixed__bs4__u80__mobility__seed44/eval_user_steps.csv,2026-08-26-paper-suite-v5.1-a2c-compat-scalability,rllib_ppo,2.49.2,2.7.1+cu128,/home/umb/Desktop/mappo2/paper_results_v51_final/runs/ours__full__mixed__bs4__u80__mobility__seed44/checkpoints/final,200,200000,4532.596955537796
ours__full__urban__bs4__u20__user_load__seed42,ours,full,urban,42,user_load,4,20,20,54.19508185441023,56.942635263535486,157.7103980968634,0.803,80.3,0.0,0.0,0.853077137400954,0.9136425013389683,476068.09161270375,5.784134209156036,127.6839865978523,/home/umb/Desktop/mappo2/paper_results_v51_final/runs/ours__full__urban__bs4__u20__user_load__seed42/eval_user_steps.csv,2026-08-26-paper-suite-v5.1-a2c-compat-scalability,rllib_ppo,2.49.2,2.7.1+cu128,/home/umb/Desktop/mappo2/paper_results_v51_final/runs/ours__full__urban__bs4__u20__user_load__seed42/checkpoints/final,200,200000,2231.0208444595337
ours__full__urban__bs4__u20__user_load__seed43,ours,full,urban,43,user_load,4,20,20,54.108540121296286,56.6431545038429,156.76785833903153,0.8046875,80.46875,0.0,0.0,0.8529333186869027,0.9149044938292498,481955.61596359656,5.777594745159149,127.63547593759748,/home/umb/Desktop/mappo2/paper_results_v51_final/runs/ours__full__urban__bs4__u20__user_load__seed43/eval_user_steps.csv,2026-08-26-paper-suite-v5.1-a2c-compat-scalability,rllib_ppo,2.49.2,2.7.1+cu128,/home/umb/Desktop/mappo2/paper_results_v51_final/runs/ours__full__urban__bs4__u20__user_load__seed43/checkpoints/final,200,200000,2241.697264432907
ours__full__urban__bs4__u20__user_load__seed44,ours,full,urban,44,user_load,4,20,20,54.20796757082058,56.960182809695645,157.05957471401567,0.8022,80.22,0.0,0.0,0.8531804251612084,0.9160778405640864,464576.0359122033,5.758032381534576,127.94622474207237,/home/umb/Desktop/mappo2/paper_results_v51_final/runs/ours__full__urban__bs4__u20__user_load__seed44/eval_user_steps.csv,2026-08-26-paper-suite-v5.1-a2c-compat-scalability,rllib_ppo,2.49.2,2.7.1+cu128,/home/umb/Desktop/mappo2/paper_results_v51_final/runs/ours__full__urban__bs4__u20__user_load__seed44/checkpoints/final,200,200000,2236.9089901447296
ours__full__urban__bs4__u40__user_load__seed42,ours,full,urban,42,user_load,4,40,20,102.28456188550719,90.56995444149082,258.63879989633665,0.62965625,62.965625,0.0,0.0,0.8293306815025268,0.9552128145992158,497640.3954531316,9.130145490169525,116.94911995574242,/home/umb/Desktop/mappo2/paper_results_v51_final/runs/ours__full__urban__bs4__u40__user_load__seed42/eval_user_steps.csv,2026-08-26-paper-suite-v5.1-a2c-compat-scalability,rllib_ppo,2.49.2,2.7.1+cu128,/home/umb/Desktop/mappo2/paper_results_v51_final/runs/ours__full__urban__bs4__u40__user_load__seed42/checkpoints/final,200,200000,3025.14883184433
ours__full__urban__bs4__u40__user_load__seed43,ours,full,urban,43,user_load,4,40,20,103.28423678024055,78.79316463678379,246.68822798037817,0.6700875,67.00875,0.0,0.0,0.8354867549293038,0.9515921647287516,500019.6290518637,8.882798671722412,119.32072717829085,/home/umb/Desktop/mappo2/paper_results_v51_final/runs/ours__full__urban__bs4__u40__user_load__seed43/eval_user_steps.csv,2026-08-26-paper-suite-v5.1-a2c-compat-scalability,rllib_ppo,2.49.2,2.7.1+cu128,/home/umb/Desktop/mappo2/paper_results_v51_final/runs/ours__full__urban__bs4__u40__user_load__seed43/checkpoints/final,200,200000,3106.7342054843903
ours__full__urban__bs4__u40__user_load__seed44,ours,full,urban,44,user_load,4,40,20,103.08066755145393,79.69868766383127,248.74506359247565,0.6658375,66.58375,0.0,0.0,0.8345094479951729,0.9508194472931882,477582.6201874364,8.904469728469849,119.44509717843616,/home/umb/Desktop/mappo2/paper_results_v51_final/runs/ours__full__urban__bs4__u40__user_load__seed44/eval_user_steps.csv,2026-08-26-paper-suite-v5.1-a2c-compat-scalability,rllib_ppo,2.49.2,2.7.1+cu128,/home/umb/Desktop/mappo2/paper_results_v51_final/runs/ours__full__urban__bs4__u40__user_load__seed44/checkpoints/final,200,200000,3017.645105600357
ours__full__urban__bs4__u60__user_load__seed42,ours,full,urban,42,user_load,4,60,20,151.87894247064645,123.97658702006255,357.1030774960637,0.5417041666666667,54.17041666666667,0.0,0.0,0.7921006215006516,0.9711291930025909,500139.7752658549,12.411024510860443,109.07793151400256,/home/umb/Desktop/mappo2/paper_results_v51_final/runs/ours__full__urban__bs4__u60__user_load__seed42/eval_user_steps.csv,2026-08-26-paper-suite-v5.1-a2c-compat-scalability,rllib_ppo,2.49.2,2.7.1+cu128,/home/umb/Desktop/mappo2/paper_results_v51_final/runs/ours__full__urban__bs4__u60__user_load__seed42/checkpoints/final,200,200000,3776.59042263031
ours__full__urban__bs4__u60__user_load__seed43,ours,full,urban,43,user_load,4,60,20,151.9638847210328,115.24046895236006,347.7169592072818,0.566625,56.6625,0.0,0.0,0.7965322806354077,0.9710871651784427,500030.4604673437,12.28967970609665,110.69740288914727,/home/umb/Desktop/mappo2/paper_results_v51_final/runs/ours__full__urban__bs4__u60__user_load__seed43/eval_user_steps.csv,2026-08-26-paper-suite-v5.1-a2c-compat-scalability,rllib_ppo,2.49.2,2.7.1+cu128,/home/umb/Desktop/mappo2/paper_results_v51_final/runs/ours__full__urban__bs4__u60__user_load__seed43/checkpoints/final,200,200000,3810.5524175167084
ours__full__urban__bs4__u60__user_load__seed44,ours,full,urban,44,user_load,4,60,20,151.93924784851228,106.69284892743542,338.33564747125735,0.5905958333333333,59.059583333333336,0.0,0.0,0.8007179703213384,0.9711100468520045,499829.36206355237,12.189005017280579,112.24628191820041,/home/umb/Desktop/mappo2/paper_results_v51_final/runs/ours__full__urban__bs4__u60__user_load__seed44/eval_user_steps.csv,2026-08-26-paper-suite-v5.1-a2c-compat-scalability,rllib_ppo,2.49.2,2.7.1+cu128,/home/umb/Desktop/mappo2/paper_results_v51_final/runs/ours__full__urban__bs4__u60__user_load__seed44/checkpoints/final,200,200000,3743.736760854721
ours__full__urban__bs4__u100__user_load__seed42,ours,full,urban,42,user_load,4,100,20,240.00784355936975,191.73820381652098,552.4269443777737,0.44454,44.454,0.0,0.0,0.7257217028409269,0.9836927289092215,500156.6433638382,18.994218945503235,95.76800464825979,/home/umb/Desktop/mappo2/paper_results_v51_final/runs/ours__full__urban__bs4__u100__user_load__seed42/eval_user_steps.csv,2026-08-26-paper-suite-v5.1-a2c-compat-scalability,rllib_ppo,2.49.2,2.7.1+cu128,/home/umb/Desktop/mappo2/paper_results_v51_final/runs/ours__full__urban__bs4__u100__user_load__seed42/checkpoints/final,200,200000,5297.22128033638
ours__full__urban__bs4__u100__user_load__seed43,ours,full,urban,43,user_load,4,100,20,240.61866409693766,164.2264052938651,524.2071242807028,0.5075,50.75,0.0,0.0,0.7424049573608773,0.9810958565068053,500160.0,19.156066060066223,100.61001431835265,/home/umb/Desktop/mappo2/paper_results_v51_final/runs/ours__full__urban__bs4__u100__user_load__seed43/eval_user_steps.csv,2026-08-26-paper-suite-v5.1-a2c-compat-scalability,rllib_ppo,2.49.2,2.7.1+cu128,/home/umb/Desktop/mappo2/paper_results_v51_final/runs/ours__full__urban__bs4__u100__user_load__seed43/checkpoints/final,200,200000,5354.868700504303
ours__full__urban__bs4__u100__user_load__seed44,ours,full,urban,44,user_load,4,100,20,240.59833176787242,164.28844179003525,524.3708482667065,0.5074575,50.74575,0.0,0.0,0.7423404916384936,0.9809197764648568,499919.2435757103,19.144348800182343,100.59965973348247,/home/umb/Desktop/mappo2/paper_results_v51_final/runs/ours__full__urban__bs4__u100__user_load__seed44/eval_user_steps.csv,2026-08-26-paper-suite-v5.1-a2c-compat-scalability,rllib_ppo,2.49.2,2.7.1+cu128,/home/umb/Desktop/mappo2/paper_results_v51_final/runs/ours__full__urban__bs4__u100__user_load__seed44/checkpoints/final,200,200000,5312.317089796066
ours__full__urban__bs4__u120__user_load__seed42,ours,full,urban,42,user_load,4,120,20,281.2102650975341,192.20287627223428,613.0417714935261,0.4830291666666667,48.30291666666667,0.0,0.0,0.7170276795934573,0.9854082746412847,500149.56726236985,21.942861258983612,95.68368111720665,/home/umb/Desktop/mappo2/paper_results_v51_final/runs/ours__full__urban__bs4__u120__user_load__seed42/eval_user_steps.csv,2026-08-26-paper-suite-v5.1-a2c-compat-scalability,rllib_ppo,2.49.2,2.7.1+cu128,/home/umb/Desktop/mappo2/paper_results_v51_final/runs/ours__full__urban__bs4__u120__user_load__seed42/checkpoints/final,200,200000,6135.625990390778
ours__full__urban__bs4__u120__user_load__seed43,ours,full,urban,43,user_load,4,120,20,283.1942665444148,192.4496775738927,615.1386429246027,0.48332916666666664,48.33291666666667,0.0,0.0,0.7182937787379531,0.9840359558507336,500160.0,22.007927238941193,95.81948310162866,/home/umb/Desktop/mappo2/paper_results_v51_final/runs/ours__full__urban__bs4__u120__user_load__seed43/eval_user_steps.csv,2026-08-26-paper-suite-v5.1-a2c-compat-scalability,rllib_ppo,2.49.2,2.7.1+cu128,/home/umb/Desktop/mappo2/paper_results_v51_final/runs/ours__full__urban__bs4__u120__user_load__seed43/checkpoints/final,200,200000,6041.257836818695
ours__full__urban__bs4__u120__user_load__seed44,ours,full,urban,44,user_load,4,120,20,283.0658917308664,192.1057399521365,613.3760847424311,0.48345625,48.345625,0.0,0.0,0.7183499104473696,0.9850511952752279,500159.33682789025,22.03613418340683,95.86881320653711,/home/umb/Desktop/mappo2/paper_results_v51_final/runs/ours__full__urban__bs4__u120__user_load__seed44/eval_user_steps.csv,2026-08-26-paper-suite-v5.1-a2c-compat-scalability,rllib_ppo,2.49.2,2.7.1+cu128,/home/umb/Desktop/mappo2/paper_results_v51_final/runs/ours__full__urban__bs4__u120__user_load__seed44/checkpoints/final,200,200000,6056.449343919754
ours__full__urban__bs8__u160__bs_scale__seed42,ours,full,urban,42,bs_scale,8,160,20,382.771250771976,153.93860818694296,464.1761090046528,0.5055328125,50.55328125,0.004353125,0.4353125,0.7562472534286081,0.967928502025557,947878.0828994301,108.69055390357971,102.48603443692477,/home/umb/Desktop/mappo2/paper_results_v51_final/runs/ours__full__urban__bs8__u160__bs_scale__seed42/eval_user_steps.csv,2026-08-26-paper-suite-v5.1-a2c-compat-scalability,rllib_ppo,2.49.2,2.7.1+cu128,/home/umb/Desktop/mappo2/paper_results_v51_final/runs/ours__full__urban__bs8__u160__bs_scale__seed42/checkpoints/final,200,200000,24856.40101838112
ours__full__urban__bs8__u160__bs_scale__seed43,ours,full,urban,43,bs_scale,8,160,20,382.0346543393935,164.56886634898885,475.9401764730304,0.4770078125,47.70078125,0.0014765625,0.14765625,0.7493832583136063,0.9687394397709297,915686.2205451191,109.22710293531418,100.90129362177966,/home/umb/Desktop/mappo2/paper_results_v51_final/runs/ours__full__urban__bs8__u160__bs_scale__seed43/eval_user_steps.csv,2026-08-26-paper-suite-v5.1-a2c-compat-scalability,rllib_ppo,2.49.2,2.7.1+cu128,/home/umb/Desktop/mappo2/paper_results_v51_final/runs/ours__full__urban__bs8__u160__bs_scale__seed43/checkpoints/final,200,200000,25050.253154039383
ours__full__urban__bs8__u160__bs_scale__seed44,ours,full,urban,44,bs_scale,8,160,20,380.41166475309126,144.67796880063648,451.5772356837542,0.5298984375,52.98984375,0.007040625,0.7040625,0.7607690871451895,0.9680632083055056,996530.5319673037,109.58228504657745,103.46314047853829,/home/umb/Desktop/mappo2/paper_results_v51_final/runs/ours__full__urban__bs8__u160__bs_scale__seed44/eval_user_steps.csv,2026-08-26-paper-suite-v5.1-a2c-compat-scalability,rllib_ppo,2.49.2,2.7.1+cu128,/home/umb/Desktop/mappo2/paper_results_v51_final/runs/ours__full__urban__bs8__u160__bs_scale__seed44/checkpoints/final,200,200000,25070.348390579224
